ccode,Year(s) Under Review,year,rank
700,Afghanistan,1987,NF
700,Afghanistan,1988,NF
700,Afghanistan,1989,NF
700,Afghanistan,1990,NF
700,Afghanistan,1991,NF
700,Afghanistan,1992,NF
700,Afghanistan,1993,NF
700,Afghanistan,1994,NF
700,Afghanistan,1995,NF
700,Afghanistan,1996,NF
700,Afghanistan,1997,NF
700,Afghanistan,1998,NF
700,Afghanistan,1999,NF
700,Afghanistan,2000,NF
700,Afghanistan,2001,NF
700,Afghanistan,2002,NF
700,Afghanistan,2003,NF
700,Afghanistan,2004,NF
700,Afghanistan,2005,NF
700,Afghanistan,2006,NF
700,Afghanistan,2007,NF
700,Afghanistan,2008,NF
700,Afghanistan,2009,NF
339,Albania,1987,NF
339,Albania,1988,NF
339,Albania,1989,PF
339,Albania,1990,PF
339,Albania,1991,PF
339,Albania,1992,PF
339,Albania,1993,PF
339,Albania,1994,PF
339,Albania,1995,PF
339,Albania,1996,PF
339,Albania,1997,PF
339,Albania,1998,PF
339,Albania,1999,PF
339,Albania,2000,PF
339,Albania,2001,PF
339,Albania,2002,PF
339,Albania,2003,PF
339,Albania,2004,PF
339,Albania,2005,PF
339,Albania,2006,PF
339,Albania,2007,PF
339,Albania,2008,PF
339,Albania,2009,PF
615,Algeria,1987,PF
615,Algeria,1988,PF
615,Algeria,1989,PF
615,Algeria,1990,PF
615,Algeria,1991,NF
615,Algeria,1992,NF
615,Algeria,1993,NF
615,Algeria,1994,NF
615,Algeria,1995,NF
615,Algeria,1996,NF
615,Algeria,1997,NF
615,Algeria,1998,PF
615,Algeria,1999,PF
615,Algeria,2000,PF
615,Algeria,2001,PF
615,Algeria,2002,PF
615,Algeria,2003,NF
615,Algeria,2004,NF
615,Algeria,2005,NF
615,Algeria,2006,NF
615,Algeria,2007,NF
615,Algeria,2008,NF
615,Algeria,2009,NF
232,Andorra,1987,NA
232,Andorra,1988,NA
232,Andorra,1989,NA
232,Andorra,1990,NA
232,Andorra,1991,NA
232,Andorra,1992,NA
232,Andorra,1993,F
232,Andorra,1994,F
232,Andorra,1995,F
232,Andorra,1996,F
232,Andorra,1997,F
232,Andorra,1998,F
232,Andorra,1999,F
232,Andorra,2000,F
232,Andorra,2001,F
232,Andorra,2002,F
232,Andorra,2003,F
232,Andorra,2004,F
232,Andorra,2005,F
232,Andorra,2006,F
232,Andorra,2007,F
232,Andorra,2008,F
232,Andorra,2009,F
540,Angola,1987,NF
540,Angola,1988,NF
540,Angola,1989,NF
540,Angola,1990,NF
540,Angola,1991,NF
540,Angola,1992,NF
540,Angola,1993,NF
540,Angola,1994,NF
540,Angola,1995,NF
540,Angola,1996,NF
540,Angola,1997,NF
540,Angola,1998,NF
540,Angola,1999,NF
540,Angola,2000,NF
540,Angola,2001,NF
540,Angola,2002,PF
540,Angola,2003,NF
540,Angola,2004,NF
540,Angola,2005,NF
540,Angola,2006,NF
540,Angola,2007,NF
540,Angola,2008,NF
540,Angola,2009,NF
58,Antigua and Barbuda,1987,F
58,Antigua and Barbuda,1988,NF
58,Antigua and Barbuda,1989,NF
58,Antigua and Barbuda,1990,PF
58,Antigua and Barbuda,1991,PF
58,Antigua and Barbuda,1992,PF
58,Antigua and Barbuda,1993,PF
58,Antigua and Barbuda,1994,PF
58,Antigua and Barbuda,1995,PF
58,Antigua and Barbuda,1996,PF
58,Antigua and Barbuda,1997,PF
58,Antigua and Barbuda,1998,PF
58,Antigua and Barbuda,1999,PF
58,Antigua and Barbuda,2000,PF
58,Antigua and Barbuda,2001,NF
58,Antigua and Barbuda,2002,F
58,Antigua and Barbuda,2003,F
58,Antigua and Barbuda,2004,F
58,Antigua and Barbuda,2005,F
58,Antigua and Barbuda,2006,F
58,Antigua and Barbuda,2007,F
58,Antigua and Barbuda,2008,F
58,Antigua and Barbuda,2009,F
160,Argentina,1987,F
160,Argentina,1988,F
160,Argentina,1989,F
160,Argentina,1990,F
160,Argentina,1991,F
160,Argentina,1992,F
160,Argentina,1993,F
160,Argentina,1994,F
160,Argentina,1995,NF
160,Argentina,1996,NF
160,Argentina,1997,F
160,Argentina,1998,F
160,Argentina,1999,F
160,Argentina,2000,F
160,Argentina,2001,F
160,Argentina,2002,F
160,Argentina,2003,F
160,Argentina,2004,F
160,Argentina,2005,F
160,Argentina,2006,F
160,Argentina,2007,F
160,Argentina,2008,F
160,Argentina,2009,F
371,Armenia,1987,NA
371,Armenia,1988,NA
371,Armenia,1989,NA
371,Armenia,1990,NA
371,Armenia,1991,PF
371,Armenia,1992,PF
371,Armenia,1993,PF
371,Armenia,1994,PF
371,Armenia,1995,PF
371,Armenia,1996,PF
371,Armenia,1997,PF
371,Armenia,1998,PF
371,Armenia,1999,PF
371,Armenia,2000,PF
371,Armenia,2001,PF
371,Armenia,2002,PF
371,Armenia,2003,PF
371,Armenia,2004,PF
371,Armenia,2005,PF
371,Armenia,2006,PF
371,Armenia,2007,PF
371,Armenia,2008,PF
371,Armenia,2009,PF
900,Australia,1987,F
900,Australia,1988,F
900,Australia,1989,F
900,Australia,1990,F
900,Australia,1991,F
900,Australia,1992,F
900,Australia,1993,F
900,Australia,1994,F
900,Australia,1995,F
900,Australia,1996,F
900,Australia,1997,F
900,Australia,1998,F
900,Australia,1999,F
900,Australia,2000,F
900,Australia,2001,F
900,Australia,2002,F
900,Australia,2003,F
900,Australia,2004,F
900,Australia,2005,F
900,Australia,2006,F
900,Australia,2007,F
900,Australia,2008,F
900,Australia,2009,F
305,Austria,1987,F
305,Austria,1988,F
305,Austria,1989,F
305,Austria,1990,F
305,Austria,1991,F
305,Austria,1992,F
305,Austria,1993,F
305,Austria,1994,F
305,Austria,1995,F
305,Austria,1996,F
305,Austria,1997,F
305,Austria,1998,F
305,Austria,1999,F
305,Austria,2000,F
305,Austria,2001,F
305,Austria,2002,F
305,Austria,2003,F
305,Austria,2004,F
305,Austria,2005,F
305,Austria,2006,F
305,Austria,2007,F
305,Austria,2008,F
305,Austria,2009,F
373,Azerbaijan,1987,NA
373,Azerbaijan,1988,NA
373,Azerbaijan,1989,NA
373,Azerbaijan,1990,NA
373,Azerbaijan,1991,PF
373,Azerbaijan,1992,NF
373,Azerbaijan,1993,NF
373,Azerbaijan,1994,NF
373,Azerbaijan,1995,PF
373,Azerbaijan,1996,PF
373,Azerbaijan,1997,PF
373,Azerbaijan,1998,PF
373,Azerbaijan,1999,PF
373,Azerbaijan,2000,PF
373,Azerbaijan,2001,PF
373,Azerbaijan,2002,PF
373,Azerbaijan,2003,NF
373,Azerbaijan,2004,NF
373,Azerbaijan,2005,NF
373,Azerbaijan,2006,NF
373,Azerbaijan,2007,NF
373,Azerbaijan,2008,NF
373,Azerbaijan,2009,NF
31,Bahamas,1987,F
31,Bahamas,1988,F
31,Bahamas,1989,F
31,Bahamas,1990,F
31,Bahamas,1991,F
31,Bahamas,1992,F
31,Bahamas,1993,F
31,Bahamas,1994,F
31,Bahamas,1995,F
31,Bahamas,1996,F
31,Bahamas,1997,F
31,Bahamas,1998,F
31,Bahamas,1999,F
31,Bahamas,2000,F
31,Bahamas,2001,F
31,Bahamas,2002,F
31,Bahamas,2003,F
31,Bahamas,2004,F
31,Bahamas,2005,F
31,Bahamas,2006,F
31,Bahamas,2007,F
31,Bahamas,2008,F
31,Bahamas,2009,F
692,Bahrain,1987,PF
692,Bahrain,1988,PF
692,Bahrain,1989,PF
692,Bahrain,1990,NF
692,Bahrain,1991,NF
692,Bahrain,1992,NF
692,Bahrain,1993,NF
692,Bahrain,1994,NF
692,Bahrain,1995,NF
692,Bahrain,1996,NF
692,Bahrain,1997,NF
692,Bahrain,1998,NF
692,Bahrain,1999,NF
692,Bahrain,2000,PF
692,Bahrain,2001,PF
692,Bahrain,2002,PF
692,Bahrain,2003,PF
692,Bahrain,2004,PF
692,Bahrain,2005,PF
692,Bahrain,2006,NF
692,Bahrain,2007,NF
692,Bahrain,2008,NF
692,Bahrain,2009,NF
771,Bangladesh,1987,PF
771,Bangladesh,1988,PF
771,Bangladesh,1989,PF
771,Bangladesh,1990,PF
771,Bangladesh,1991,NF
771,Bangladesh,1992,PF
771,Bangladesh,1993,PF
771,Bangladesh,1994,PF
771,Bangladesh,1995,PF
771,Bangladesh,1996,PF
771,Bangladesh,1997,PF
771,Bangladesh,1998,PF
771,Bangladesh,1999,PF
771,Bangladesh,2000,PF
771,Bangladesh,2001,PF
771,Bangladesh,2002,PF
771,Bangladesh,2003,PF
771,Bangladesh,2004,PF
771,Bangladesh,2005,PF
771,Bangladesh,2006,PF
771,Bangladesh,2007,PF
771,Bangladesh,2008,PF
771,Bangladesh,2009,PF
53,Barbados,1987,F
53,Barbados,1988,F
53,Barbados,1989,F
53,Barbados,1990,F
53,Barbados,1991,F
53,Barbados,1992,F
53,Barbados,1993,F
53,Barbados,1994,F
53,Barbados,1995,F
53,Barbados,1996,F
53,Barbados,1997,F
53,Barbados,1998,F
53,Barbados,1999,F
53,Barbados,2000,F
53,Barbados,2001,F
53,Barbados,2002,F
53,Barbados,2003,F
53,Barbados,2004,F
53,Barbados,2005,F
53,Barbados,2006,F
53,Barbados,2007,F
53,Barbados,2008,F
53,Barbados,2009,F
370,Belarus,1987,NA
370,Belarus,1988,NA
370,Belarus,1989,NA
370,Belarus,1990,NA
370,Belarus,1991,PF
370,Belarus,1992,PF
370,Belarus,1993,PF
370,Belarus,1994,PF
370,Belarus,1995,NF
370,Belarus,1996,NF
370,Belarus,1997,NF
370,Belarus,1998,NF
370,Belarus,1999,NF
370,Belarus,2000,NF
370,Belarus,2001,NF
370,Belarus,2002,NF
370,Belarus,2003,NF
370,Belarus,2004,NF
370,Belarus,2005,NF
370,Belarus,2006,NF
370,Belarus,2007,NF
370,Belarus,2008,NF
370,Belarus,2009,NF
211,Belgium,1987,F
211,Belgium,1988,F
211,Belgium,1989,F
211,Belgium,1990,F
211,Belgium,1991,F
211,Belgium,1992,F
211,Belgium,1993,F
211,Belgium,1994,F
211,Belgium,1995,F
211,Belgium,1996,F
211,Belgium,1997,F
211,Belgium,1998,F
211,Belgium,1999,F
211,Belgium,2000,F
211,Belgium,2001,F
211,Belgium,2002,F
211,Belgium,2003,F
211,Belgium,2004,F
211,Belgium,2005,F
211,Belgium,2006,F
211,Belgium,2007,F
211,Belgium,2008,F
211,Belgium,2009,F
80,Belize,1987,F
80,Belize,1988,F
80,Belize,1989,F
80,Belize,1990,F
80,Belize,1991,F
80,Belize,1992,F
80,Belize,1993,F
80,Belize,1994,F
80,Belize,1995,F
80,Belize,1996,F
80,Belize,1997,F
80,Belize,1998,F
80,Belize,1999,F
80,Belize,2000,F
80,Belize,2001,F
80,Belize,2002,F
80,Belize,2003,F
80,Belize,2004,F
80,Belize,2005,F
80,Belize,2006,F
80,Belize,2007,F
80,Belize,2008,F
80,Belize,2009,F
434,Benin,1987,NF
434,Benin,1988,PF
434,Benin,1989,PF
434,Benin,1990,PF
434,Benin,1991,F
434,Benin,1992,F
434,Benin,1993,F
434,Benin,1994,F
434,Benin,1995,F
434,Benin,1996,F
434,Benin,1997,F
434,Benin,1998,F
434,Benin,1999,F
434,Benin,2000,F
434,Benin,2001,F
434,Benin,2002,F
434,Benin,2003,F
434,Benin,2004,F
434,Benin,2005,F
434,Benin,2006,F
434,Benin,2007,F
434,Benin,2008,F
434,Benin,2009,F
760,Bhutan,1987,PF
760,Bhutan,1988,PF
760,Bhutan,1989,NF
760,Bhutan,1990,NF
760,Bhutan,1991,NF
760,Bhutan,1992,NF
760,Bhutan,1993,NF
760,Bhutan,1994,NF
760,Bhutan,1995,NF
760,Bhutan,1996,NF
760,Bhutan,1997,NF
760,Bhutan,1998,NF
760,Bhutan,1999,NF
760,Bhutan,2000,NF
760,Bhutan,2001,NF
760,Bhutan,2002,PF
760,Bhutan,2003,NF
760,Bhutan,2004,NF
760,Bhutan,2005,NF
760,Bhutan,2006,PF
760,Bhutan,2007,PF
760,Bhutan,2008,PF
760,Bhutan,2009,PF
145,Bolivia,1987,F
145,Bolivia,1988,F
145,Bolivia,1989,F
145,Bolivia,1990,F
145,Bolivia,1991,F
145,Bolivia,1992,NF
145,Bolivia,1993,NF
145,Bolivia,1994,F
145,Bolivia,1995,F
145,Bolivia,1996,F
145,Bolivia,1997,F
145,Bolivia,1998,F
145,Bolivia,1999,F
145,Bolivia,2000,F
145,Bolivia,2001,NF
145,Bolivia,2002,NF
145,Bolivia,2003,PF
145,Bolivia,2004,PF
145,Bolivia,2005,PF
145,Bolivia,2006,PF
145,Bolivia,2007,PF
145,Bolivia,2008,PF
145,Bolivia,2009,PF
346,Bosnia and Herzegovina,1987,NA
346,Bosnia and Herzegovina,1988,NA
346,Bosnia and Herzegovina,1989,NA
346,Bosnia and Herzegovina,1990,NA
346,Bosnia and Herzegovina,1991,NA
346,Bosnia and Herzegovina,1992,NF
346,Bosnia and Herzegovina,1993,NF
346,Bosnia and Herzegovina,1994,PF
346,Bosnia and Herzegovina,1995,PF
346,Bosnia and Herzegovina,1996,PF
346,Bosnia and Herzegovina,1997,PF
346,Bosnia and Herzegovina,1998,PF
346,Bosnia and Herzegovina,1999,PF
346,Bosnia and Herzegovina,2000,PF
346,Bosnia and Herzegovina,2001,PF
346,Bosnia and Herzegovina,2002,PF
346,Bosnia and Herzegovina,2003,PF
346,Bosnia and Herzegovina,2004,PF
346,Bosnia and Herzegovina,2005,PF
346,Bosnia and Herzegovina,2006,PF
346,Bosnia and Herzegovina,2007,PF
346,Bosnia and Herzegovina,2008,PF
346,Bosnia and Herzegovina,2009,PF
571,Botswana,1987,F
571,Botswana,1988,F
571,Botswana,1989,F
571,Botswana,1990,F
571,Botswana,1991,F
571,Botswana,1992,F
571,Botswana,1993,F
571,Botswana,1994,F
571,Botswana,1995,F
571,Botswana,1996,F
571,Botswana,1997,F
571,Botswana,1998,F
571,Botswana,1999,F
571,Botswana,2000,F
571,Botswana,2001,F
571,Botswana,2002,F
571,Botswana,2003,F
571,Botswana,2004,F
571,Botswana,2005,F
571,Botswana,2006,F
571,Botswana,2007,F
571,Botswana,2008,F
571,Botswana,2009,F
140,Brazil,1987,F
140,Brazil,1988,F
140,Brazil,1989,F
140,Brazil,1990,NF
140,Brazil,1991,NF
140,Brazil,1992,PF
140,Brazil,1993,PF
140,Brazil,1994,PF
140,Brazil,1995,PF
140,Brazil,1996,PF
140,Brazil,1997,PF
140,Brazil,1998,PF
140,Brazil,1999,PF
140,Brazil,2000,NF
140,Brazil,2001,NF
140,Brazil,2002,F
140,Brazil,2003,F
140,Brazil,2004,F
140,Brazil,2005,F
140,Brazil,2006,F
140,Brazil,2007,F
140,Brazil,2008,F
140,Brazil,2009,F
835,Brunei,1987,NF
835,Brunei,1988,NF
835,Brunei,1989,NF
835,Brunei,1990,NF
835,Brunei,1991,NF
835,Brunei,1992,NF
835,Brunei,1993,NF
835,Brunei,1994,NF
835,Brunei,1995,NF
835,Brunei,1996,NF
835,Brunei,1997,NF
835,Brunei,1998,NF
835,Brunei,1999,NF
835,Brunei,2000,NF
835,Brunei,2001,NF
835,Brunei,2002,PF
835,Brunei,2003,NF
835,Brunei,2004,NF
835,Brunei,2005,NF
835,Brunei,2006,NF
835,Brunei,2007,NF
835,Brunei,2008,NF
835,Brunei,2009,NF
355,Bulgaria,1987,NF
355,Bulgaria,1988,PF
355,Bulgaria,1989,PF
355,Bulgaria,1990,NF
355,Bulgaria,1991,F
355,Bulgaria,1992,F
355,Bulgaria,1993,F
355,Bulgaria,1994,F
355,Bulgaria,1995,F
355,Bulgaria,1996,F
355,Bulgaria,1997,F
355,Bulgaria,1998,F
355,Bulgaria,1999,F
355,Bulgaria,2000,F
355,Bulgaria,2001,F
355,Bulgaria,2002,F
355,Bulgaria,2003,F
355,Bulgaria,2004,F
355,Bulgaria,2005,F
355,Bulgaria,2006,F
355,Bulgaria,2007,F
355,Bulgaria,2008,F
355,Bulgaria,2009,F
439,Burkina Faso,1987,NF
439,Burkina Faso,1988,NF
439,Burkina Faso,1989,PF
439,Burkina Faso,1990,PF
439,Burkina Faso,1991,PF
439,Burkina Faso,1992,PF
439,Burkina Faso,1993,PF
439,Burkina Faso,1994,PF
439,Burkina Faso,1995,PF
439,Burkina Faso,1996,PF
439,Burkina Faso,1997,PF
439,Burkina Faso,1998,PF
439,Burkina Faso,1999,PF
439,Burkina Faso,2000,PF
439,Burkina Faso,2001,PF
439,Burkina Faso,2002,PF
439,Burkina Faso,2003,PF
439,Burkina Faso,2004,PF
439,Burkina Faso,2005,PF
439,Burkina Faso,2006,PF
439,Burkina Faso,2007,PF
439,Burkina Faso,2008,PF
439,Burkina Faso,2009,PF
516,Burundi,1987,NF
516,Burundi,1988,NF
516,Burundi,1989,NF
516,Burundi,1990,NF
516,Burundi,1991,NF
516,Burundi,1992,NF
516,Burundi,1993,NF
516,Burundi,1994,NF
516,Burundi,1995,NF
516,Burundi,1996,NF
516,Burundi,1997,NF
516,Burundi,1998,NF
516,Burundi,1999,NF
516,Burundi,2000,NF
516,Burundi,2001,PF
516,Burundi,2002,PF
516,Burundi,2003,PF
516,Burundi,2004,PF
516,Burundi,2005,PF
516,Burundi,2006,PF
516,Burundi,2007,PF
516,Burundi,2008,PF
516,Burundi,2009,PF
402,Cabo Verde,1987,PF
402,Cabo Verde,1988,PF
402,Cabo Verde,1989,PF
402,Cabo Verde,1990,NF
402,Cabo Verde,1991,F
402,Cabo Verde,1992,F
402,Cabo Verde,1993,F
402,Cabo Verde,1994,F
402,Cabo Verde,1995,F
402,Cabo Verde,1996,F
402,Cabo Verde,1997,F
402,Cabo Verde,1998,F
402,Cabo Verde,1999,F
402,Cabo Verde,2000,F
402,Cabo Verde,2001,F
402,Cabo Verde,2002,F
402,Cabo Verde,2003,F
402,Cabo Verde,2004,F
402,Cabo Verde,2005,F
402,Cabo Verde,2006,F
402,Cabo Verde,2007,F
402,Cabo Verde,2008,F
402,Cabo Verde,2009,F
811,Cambodia,1987,NF
811,Cambodia,1988,NF
811,Cambodia,1989,NF
811,Cambodia,1990,NF
811,Cambodia,1991,PF
811,Cambodia,1992,PF
811,Cambodia,1993,PF
811,Cambodia,1994,NF
811,Cambodia,1995,NF
811,Cambodia,1996,NF
811,Cambodia,1997,NF
811,Cambodia,1998,NF
811,Cambodia,1999,NF
811,Cambodia,2000,NF
811,Cambodia,2001,PF
811,Cambodia,2002,PF
811,Cambodia,2003,NF
811,Cambodia,2004,NF
811,Cambodia,2005,NF
811,Cambodia,2006,NF
811,Cambodia,2007,NF
811,Cambodia,2008,NF
811,Cambodia,2009,NF
471,Cameroon,1987,NF
471,Cameroon,1988,NF
471,Cameroon,1989,NF
471,Cameroon,1990,NF
471,Cameroon,1991,NF
471,Cameroon,1992,NF
471,Cameroon,1993,NF
471,Cameroon,1994,NF
471,Cameroon,1995,NF
471,Cameroon,1996,NF
471,Cameroon,1997,NF
471,Cameroon,1998,NF
471,Cameroon,1999,NF
471,Cameroon,2000,NF
471,Cameroon,2001,NF
471,Cameroon,2002,NF
471,Cameroon,2003,NF
471,Cameroon,2004,NF
471,Cameroon,2005,NF
471,Cameroon,2006,NF
471,Cameroon,2007,NF
471,Cameroon,2008,NF
471,Cameroon,2009,NF
20,Canada,1987,F
20,Canada,1988,F
20,Canada,1989,F
20,Canada,1990,F
20,Canada,1991,F
20,Canada,1992,F
20,Canada,1993,F
20,Canada,1994,F
20,Canada,1995,F
20,Canada,1996,F
20,Canada,1997,F
20,Canada,1998,F
20,Canada,1999,F
20,Canada,2000,F
20,Canada,2001,F
20,Canada,2002,F
20,Canada,2003,F
20,Canada,2004,F
20,Canada,2005,F
20,Canada,2006,F
20,Canada,2007,F
20,Canada,2008,F
20,Canada,2009,F
482,Central African Republic,1987,NF
482,Central African Republic,1988,NF
482,Central African Republic,1989,NF
482,Central African Republic,1990,PF
482,Central African Republic,1991,PF
482,Central African Republic,1992,PF
482,Central African Republic,1993,PF
482,Central African Republic,1994,PF
482,Central African Republic,1995,PF
482,Central African Republic,1996,PF
482,Central African Republic,1997,PF
482,Central African Republic,1998,PF
482,Central African Republic,1999,PF
482,Central African Republic,2000,PF
482,Central African Republic,2001,PF
482,Central African Republic,2002,PF
482,Central African Republic,2003,NF
482,Central African Republic,2004,PF
482,Central African Republic,2005,PF
482,Central African Republic,2006,PF
482,Central African Republic,2007,PF
482,Central African Republic,2008,PF
482,Central African Republic,2009,PF
483,Chad,1987,NF
483,Chad,1988,NF
483,Chad,1989,NF
483,Chad,1990,NF
483,Chad,1991,NF
483,Chad,1992,NF
483,Chad,1993,PF
483,Chad,1994,PF
483,Chad,1995,PF
483,Chad,1996,PF
483,Chad,1997,PF
483,Chad,1998,PF
483,Chad,1999,PF
483,Chad,2000,PF
483,Chad,2001,PF
483,Chad,2002,PF
483,Chad,2003,NF
483,Chad,2004,NF
483,Chad,2005,NF
483,Chad,2006,NF
483,Chad,2007,NF
483,Chad,2008,NF
483,Chad,2009,NF
155,Chile,1987,PF
155,Chile,1988,PF
155,Chile,1989,F
155,Chile,1990,F
155,Chile,1991,F
155,Chile,1992,F
155,Chile,1993,F
155,Chile,1994,F
155,Chile,1995,F
155,Chile,1996,F
155,Chile,1997,F
155,Chile,1998,F
155,Chile,1999,F
155,Chile,2000,F
155,Chile,2001,F
155,Chile,2002,F
155,Chile,2003,F
155,Chile,2004,F
155,Chile,2005,F
155,Chile,2006,F
155,Chile,2007,F
155,Chile,2008,F
155,Chile,2009,F
710,China,1987,NF
710,China,1988,NF
710,China,1989,NF
710,China,1990,NF
710,China,1991,NF
710,China,1992,NF
710,China,1993,NF
710,China,1994,NF
710,China,1995,NF
710,China,1996,NF
710,China,1997,NF
710,China,1998,NF
710,China,1999,NF
710,China,2000,NF
710,China,2001,NF
710,China,2002,NF
710,China,2003,NF
710,China,2004,NF
710,China,2005,NF
710,China,2006,NF
710,China,2007,NF
710,China,2008,NF
710,China,2009,NF
100,Colombia,1987,PF
100,Colombia,1988,PF
100,Colombia,1989,PF
100,Colombia,1990,PF
100,Colombia,1991,PF
100,Colombia,1992,PF
100,Colombia,1993,PF
100,Colombia,1994,PF
100,Colombia,1995,PF
100,Colombia,1996,PF
100,Colombia,1997,PF
100,Colombia,1998,PF
100,Colombia,1999,PF
100,Colombia,2000,PF
100,Colombia,2001,PF
100,Colombia,2002,PF
100,Colombia,2003,PF
100,Colombia,2004,PF
100,Colombia,2005,PF
100,Colombia,2006,PF
100,Colombia,2007,PF
100,Colombia,2008,PF
100,Colombia,2009,PF
581,Comoros,1987,NF
581,Comoros,1988,PF
581,Comoros,1989,PF
581,Comoros,1990,PF
581,Comoros,1991,PF
581,Comoros,1992,PF
581,Comoros,1993,PF
581,Comoros,1994,PF
581,Comoros,1995,PF
581,Comoros,1996,PF
581,Comoros,1997,PF
581,Comoros,1998,PF
581,Comoros,1999,PF
581,Comoros,2000,PF
581,Comoros,2001,PF
581,Comoros,2002,PF
581,Comoros,2003,PF
581,Comoros,2004,PF
581,Comoros,2005,PF
581,Comoros,2006,PF
581,Comoros,2007,PF
581,Comoros,2008,PF
581,Comoros,2009,PF
484,Congo (Brazzaville),1987,NF
484,Congo (Brazzaville),1988,NF
484,Congo (Brazzaville),1989,PF
484,Congo (Brazzaville),1990,PF
484,Congo (Brazzaville),1991,PF
484,Congo (Brazzaville),1992,PF
484,Congo (Brazzaville),1993,PF
484,Congo (Brazzaville),1994,PF
484,Congo (Brazzaville),1995,PF
484,Congo (Brazzaville),1996,PF
484,Congo (Brazzaville),1997,NF
484,Congo (Brazzaville),1998,PF
484,Congo (Brazzaville),1999,PF
484,Congo (Brazzaville),2000,PF
484,Congo (Brazzaville),2001,PF
484,Congo (Brazzaville),2002,PF
484,Congo (Brazzaville),2003,PF
484,Congo (Brazzaville),2004,NF
484,Congo (Brazzaville),2005,NF
484,Congo (Brazzaville),2006,NF
484,Congo (Brazzaville),2007,NF
484,Congo (Brazzaville),2008,NF
484,Congo (Brazzaville),2009,NF
490,Congo (Kinshasa),1987,NF
490,Congo (Kinshasa),1988,NF
490,Congo (Kinshasa),1989,NF
490,Congo (Kinshasa),1990,NF
490,Congo (Kinshasa),1991,NF
490,Congo (Kinshasa),1992,NF
490,Congo (Kinshasa),1993,NF
490,Congo (Kinshasa),1994,NF
490,Congo (Kinshasa),1995,NF
490,Congo (Kinshasa),1996,NF
490,Congo (Kinshasa),1997,NF
490,Congo (Kinshasa),1998,NF
490,Congo (Kinshasa),1999,NF
490,Congo (Kinshasa),2000,NF
490,Congo (Kinshasa),2001,NF
490,Congo (Kinshasa),2002,NF
490,Congo (Kinshasa),2003,NF
490,Congo (Kinshasa),2004,NF
490,Congo (Kinshasa),2005,NF
490,Congo (Kinshasa),2006,NF
490,Congo (Kinshasa),2007,NF
490,Congo (Kinshasa),2008,NF
490,Congo (Kinshasa),2009,NF
94,Costa Rica,1987,F
94,Costa Rica,1988,F
94,Costa Rica,1989,F
94,Costa Rica,1990,F
94,Costa Rica,1991,F
94,Costa Rica,1992,F
94,Costa Rica,1993,F
94,Costa Rica,1994,F
94,Costa Rica,1995,F
94,Costa Rica,1996,F
94,Costa Rica,1997,F
94,Costa Rica,1998,F
94,Costa Rica,1999,F
94,Costa Rica,2000,F
94,Costa Rica,2001,F
94,Costa Rica,2002,F
94,Costa Rica,2003,F
94,Costa Rica,2004,F
94,Costa Rica,2005,F
94,Costa Rica,2006,F
94,Costa Rica,2007,F
94,Costa Rica,2008,F
94,Costa Rica,2009,F
437,Cote d'Ivoire,1987,PF
437,Cote d'Ivoire,1988,PF
437,Cote d'Ivoire,1989,PF
437,Cote d'Ivoire,1990,PF
437,Cote d'Ivoire,1991,PF
437,Cote d'Ivoire,1992,PF
437,Cote d'Ivoire,1993,PF
437,Cote d'Ivoire,1994,PF
437,Cote d'Ivoire,1995,PF
437,Cote d'Ivoire,1996,PF
437,Cote d'Ivoire,1997,PF
437,Cote d'Ivoire,1998,PF
437,Cote d'Ivoire,1999,PF
437,Cote d'Ivoire,2000,PF
437,Cote d'Ivoire,2001,PF
437,Cote d'Ivoire,2002,NF
437,Cote d'Ivoire,2003,NF
437,Cote d'Ivoire,2004,NF
437,Cote d'Ivoire,2005,NF
437,Cote d'Ivoire,2006,NF
437,Cote d'Ivoire,2007,NF
437,Cote d'Ivoire,2008,NF
437,Cote d'Ivoire,2009,NF
344,Croatia,1987,NA
344,Croatia,1988,NA
344,Croatia,1989,NA
344,Croatia,1990,NA
344,Croatia,1991,PF
344,Croatia,1992,PF
344,Croatia,1993,PF
344,Croatia,1994,PF
344,Croatia,1995,PF
344,Croatia,1996,PF
344,Croatia,1997,PF
344,Croatia,1998,NF
344,Croatia,1999,NF
344,Croatia,2000,F
344,Croatia,2001,F
344,Croatia,2002,F
344,Croatia,2003,F
344,Croatia,2004,F
344,Croatia,2005,F
344,Croatia,2006,F
344,Croatia,2007,F
344,Croatia,2008,F
344,Croatia,2009,F
40,Cuba,1987,NF
40,Cuba,1988,NF
40,Cuba,1989,NF
40,Cuba,1990,NF
40,Cuba,1991,NF
40,Cuba,1992,NF
40,Cuba,1993,NF
40,Cuba,1994,NF
40,Cuba,1995,NF
40,Cuba,1996,NF
40,Cuba,1997,NF
40,Cuba,1998,NF
40,Cuba,1999,NF
40,Cuba,2000,NF
40,Cuba,2001,NF
40,Cuba,2002,NF
40,Cuba,2003,NF
40,Cuba,2004,NF
40,Cuba,2005,NF
40,Cuba,2006,NF
40,Cuba,2007,NF
40,Cuba,2008,NF
40,Cuba,2009,NF
352,Cyprus,1987,F
352,Cyprus,1988,F
352,Cyprus,1989,F
352,Cyprus,1990,F
352,Cyprus,1991,F
352,Cyprus,1992,F
352,Cyprus,1993,F
352,Cyprus,1994,F
352,Cyprus,1995,F
352,Cyprus,1996,F
352,Cyprus,1997,F
352,Cyprus,1998,F
352,Cyprus,1999,F
352,Cyprus,2000,F
352,Cyprus,2001,F
352,Cyprus,2002,F
352,Cyprus,2003,F
352,Cyprus,2004,F
352,Cyprus,2005,F
352,Cyprus,2006,F
352,Cyprus,2007,F
352,Cyprus,2008,F
352,Cyprus,2009,F
316,Czech Republic,1987,NA
316,Czech Republic,1988,NA
316,Czech Republic,1989,NA
316,Czech Republic,1990,NA
316,Czech Republic,1991,NA
316,Czech Republic,1992,NA
316,Czech Republic,1993,F
316,Czech Republic,1994,F
316,Czech Republic,1995,F
316,Czech Republic,1996,F
316,Czech Republic,1997,F
316,Czech Republic,1998,F
316,Czech Republic,1999,F
316,Czech Republic,2000,F
316,Czech Republic,2001,F
316,Czech Republic,2002,F
316,Czech Republic,2003,F
316,Czech Republic,2004,F
316,Czech Republic,2005,F
316,Czech Republic,2006,F
316,Czech Republic,2007,F
316,Czech Republic,2008,F
316,Czech Republic,2009,F
316,Czechoslovakia,1987,PF
316,Czechoslovakia,1988,PF
316,Czechoslovakia,1989,PF
316,Czechoslovakia,1990,NA
316,Czechoslovakia,1991,NA
316,Czechoslovakia,1992,NA
316,Czechoslovakia,1993,NA
316,Czechoslovakia,1994,NA
316,Czechoslovakia,1995,NA
316,Czechoslovakia,1996,NA
316,Czechoslovakia,1997,NA
316,Czechoslovakia,1998,NA
316,Czechoslovakia,1999,NA
316,Czechoslovakia,2000,NA
316,Czechoslovakia,2001,NA
316,Czechoslovakia,2002,NA
316,Czechoslovakia,2003,NA
316,Czechoslovakia,2004,NA
316,Czechoslovakia,2005,NA
316,Czechoslovakia,2006,NA
316,Czechoslovakia,2007,NA
316,Czechoslovakia,2008,NA
316,Czechoslovakia,2009,NA
390,Denmark,1987,F
390,Denmark,1988,F
390,Denmark,1989,F
390,Denmark,1990,F
390,Denmark,1991,F
390,Denmark,1992,F
390,Denmark,1993,F
390,Denmark,1994,F
390,Denmark,1995,F
390,Denmark,1996,F
390,Denmark,1997,F
390,Denmark,1998,F
390,Denmark,1999,F
390,Denmark,2000,F
390,Denmark,2001,F
390,Denmark,2002,F
390,Denmark,2003,F
390,Denmark,2004,F
390,Denmark,2005,F
390,Denmark,2006,F
390,Denmark,2007,F
390,Denmark,2008,F
390,Denmark,2009,F
522,Djibouti,1987,NF
522,Djibouti,1988,NF
522,Djibouti,1989,NF
522,Djibouti,1990,NF
522,Djibouti,1991,NF
522,Djibouti,1992,NF
522,Djibouti,1993,NF
522,Djibouti,1994,NF
522,Djibouti,1995,PF
522,Djibouti,1996,PF
522,Djibouti,1997,PF
522,Djibouti,1998,PF
522,Djibouti,1999,PF
522,Djibouti,2000,PF
522,Djibouti,2001,PF
522,Djibouti,2002,PF
522,Djibouti,2003,PF
522,Djibouti,2004,PF
522,Djibouti,2005,PF
522,Djibouti,2006,PF
522,Djibouti,2007,NF
522,Djibouti,2008,NF
522,Djibouti,2009,NF
54,Dominica,1987,F
54,Dominica,1988,F
54,Dominica,1989,F
54,Dominica,1990,F
54,Dominica,1991,F
54,Dominica,1992,F
54,Dominica,1993,F
54,Dominica,1994,F
54,Dominica,1995,F
54,Dominica,1996,F
54,Dominica,1997,F
54,Dominica,1998,F
54,Dominica,1999,F
54,Dominica,2000,F
54,Dominica,2001,F
54,Dominica,2002,F
54,Dominica,2003,F
54,Dominica,2004,F
54,Dominica,2005,F
54,Dominica,2006,F
54,Dominica,2007,F
54,Dominica,2008,F
54,Dominica,2009,F
42,Dominican Republic,1987,F
42,Dominican Republic,1988,F
42,Dominican Republic,1989,F
42,Dominican Republic,1990,NF
42,Dominican Republic,1991,NF
42,Dominican Republic,1992,PF
42,Dominican Republic,1993,PF
42,Dominican Republic,1994,PF
42,Dominican Republic,1995,PF
42,Dominican Republic,1996,NF
42,Dominican Republic,1997,F
42,Dominican Republic,1998,F
42,Dominican Republic,1999,F
42,Dominican Republic,2000,F
42,Dominican Republic,2001,F
42,Dominican Republic,2002,F
42,Dominican Republic,2003,F
42,Dominican Republic,2004,F
42,Dominican Republic,2005,F
42,Dominican Republic,2006,F
42,Dominican Republic,2007,F
42,Dominican Republic,2008,F
42,Dominican Republic,2009,F
130,Ecuador,1987,F
130,Ecuador,1988,F
130,Ecuador,1989,F
130,Ecuador,1990,F
130,Ecuador,1991,F
130,Ecuador,1992,F
130,Ecuador,1993,NF
130,Ecuador,1994,NF
130,Ecuador,1995,NF
130,Ecuador,1996,NF
130,Ecuador,1997,NF
130,Ecuador,1998,NF
130,Ecuador,1999,NF
130,Ecuador,2000,PF
130,Ecuador,2001,PF
130,Ecuador,2002,PF
130,Ecuador,2003,PF
130,Ecuador,2004,PF
130,Ecuador,2005,PF
130,Ecuador,2006,PF
130,Ecuador,2007,PF
130,Ecuador,2008,PF
130,Ecuador,2009,PF
651,Egypt,1987,PF
651,Egypt,1988,PF
651,Egypt,1989,PF
651,Egypt,1990,PF
651,Egypt,1991,NF
651,Egypt,1992,NF
651,Egypt,1993,NF
651,Egypt,1994,NF
651,Egypt,1995,NF
651,Egypt,1996,NF
651,Egypt,1997,NF
651,Egypt,1998,NF
651,Egypt,1999,NF
651,Egypt,2000,NF
651,Egypt,2001,NF
651,Egypt,2002,NF
651,Egypt,2003,NF
651,Egypt,2004,NF
651,Egypt,2005,NF
651,Egypt,2006,NF
651,Egypt,2007,NF
651,Egypt,2008,NF
651,Egypt,2009,NF
92,El Salvador,1987,PF
92,El Salvador,1988,PF
92,El Salvador,1989,PF
92,El Salvador,1990,PF
92,El Salvador,1991,PF
92,El Salvador,1992,PF
92,El Salvador,1993,PF
92,El Salvador,1994,NF
92,El Salvador,1995,NF
92,El Salvador,1996,NF
92,El Salvador,1997,F
92,El Salvador,1998,F
92,El Salvador,1999,F
92,El Salvador,2000,F
92,El Salvador,2001,F
92,El Salvador,2002,F
92,El Salvador,2003,F
92,El Salvador,2004,F
92,El Salvador,2005,F
92,El Salvador,2006,F
92,El Salvador,2007,F
92,El Salvador,2008,F
92,El Salvador,2009,F
411,Equatorial Guinea,1987,NF
411,Equatorial Guinea,1988,NF
411,Equatorial Guinea,1989,NF
411,Equatorial Guinea,1990,NF
411,Equatorial Guinea,1991,NF
411,Equatorial Guinea,1992,NF
411,Equatorial Guinea,1993,NF
411,Equatorial Guinea,1994,NF
411,Equatorial Guinea,1995,NF
411,Equatorial Guinea,1996,NF
411,Equatorial Guinea,1997,NF
411,Equatorial Guinea,1998,NF
411,Equatorial Guinea,1999,NF
411,Equatorial Guinea,2000,NF
411,Equatorial Guinea,2001,NF
411,Equatorial Guinea,2002,NF
411,Equatorial Guinea,2003,NF
411,Equatorial Guinea,2004,NF
411,Equatorial Guinea,2005,NF
411,Equatorial Guinea,2006,NF
411,Equatorial Guinea,2007,NF
411,Equatorial Guinea,2008,NF
411,Equatorial Guinea,2009,NF
531,Eritrea,1987,NA
531,Eritrea,1988,NA
531,Eritrea,1989,NA
531,Eritrea,1990,NA
531,Eritrea,1991,NA
531,Eritrea,1992,NA
531,Eritrea,1993,PF
531,Eritrea,1994,PF
531,Eritrea,1995,PF
531,Eritrea,1996,PF
531,Eritrea,1997,PF
531,Eritrea,1998,NF
531,Eritrea,1999,NF
531,Eritrea,2000,NF
531,Eritrea,2001,NF
531,Eritrea,2002,NF
531,Eritrea,2003,NF
531,Eritrea,2004,NF
531,Eritrea,2005,NF
531,Eritrea,2006,NF
531,Eritrea,2007,NF
531,Eritrea,2008,NF
531,Eritrea,2009,NF
366,Estonia,1987,NA
366,Estonia,1988,NA
366,Estonia,1989,NA
366,Estonia,1990,NA
366,Estonia,1991,NF
366,Estonia,1992,F
366,Estonia,1993,F
366,Estonia,1994,F
366,Estonia,1995,F
366,Estonia,1996,F
366,Estonia,1997,F
366,Estonia,1998,F
366,Estonia,1999,F
366,Estonia,2000,F
366,Estonia,2001,F
366,Estonia,2002,F
366,Estonia,2003,F
366,Estonia,2004,F
366,Estonia,2005,F
366,Estonia,2006,F
366,Estonia,2007,F
366,Estonia,2008,F
366,Estonia,2009,F
572,Eswatini,1987,PF
572,Eswatini,1988,PF
572,Eswatini,1989,PF
572,Eswatini,1990,PF
572,Eswatini,1991,PF
572,Eswatini,1992,PF
572,Eswatini,1993,PF
572,Eswatini,1994,PF
572,Eswatini,1995,PF
572,Eswatini,1996,PF
572,Eswatini,1997,PF
572,Eswatini,1998,PF
572,Eswatini,1999,PF
572,Eswatini,2000,NF
572,Eswatini,2001,NF
572,Eswatini,2002,NF
572,Eswatini,2003,NF
572,Eswatini,2004,NF
572,Eswatini,2005,NF
572,Eswatini,2006,NF
572,Eswatini,2007,NF
572,Eswatini,2008,NF
572,Eswatini,2009,NF
530,Ethiopia,1987,NF
530,Ethiopia,1988,NF
530,Ethiopia,1989,NF
530,Ethiopia,1990,NF
530,Ethiopia,1991,PF
530,Ethiopia,1992,PF
530,Ethiopia,1993,PF
530,Ethiopia,1994,PF
530,Ethiopia,1995,PF
530,Ethiopia,1996,PF
530,Ethiopia,1997,PF
530,Ethiopia,1998,PF
530,Ethiopia,1999,PF
530,Ethiopia,2000,PF
530,Ethiopia,2001,PF
530,Ethiopia,2002,PF
530,Ethiopia,2003,PF
530,Ethiopia,2004,PF
530,Ethiopia,2005,PF
530,Ethiopia,2006,PF
530,Ethiopia,2007,NF
530,Ethiopia,2008,NF
530,Ethiopia,2009,NF
950,Fiji,1987,PF
950,Fiji,1988,PF
950,Fiji,1989,PF
950,Fiji,1990,PF
950,Fiji,1991,PF
950,Fiji,1992,PF
950,Fiji,1993,PF
950,Fiji,1994,PF
950,Fiji,1995,PF
950,Fiji,1996,PF
950,Fiji,1997,PF
950,Fiji,1998,PF
950,Fiji,1999,PF
950,Fiji,2000,PF
950,Fiji,2001,PF
950,Fiji,2002,PF
950,Fiji,2003,PF
950,Fiji,2004,PF
950,Fiji,2005,PF
950,Fiji,2006,PF
950,Fiji,2007,PF
950,Fiji,2008,PF
950,Fiji,2009,PF
375,Finland,1987,F
375,Finland,1988,F
375,Finland,1989,F
375,Finland,1990,F
375,Finland,1991,F
375,Finland,1992,F
375,Finland,1993,F
375,Finland,1994,F
375,Finland,1995,F
375,Finland,1996,F
375,Finland,1997,F
375,Finland,1998,F
375,Finland,1999,F
375,Finland,2000,F
375,Finland,2001,F
375,Finland,2002,F
375,Finland,2003,F
375,Finland,2004,F
375,Finland,2005,F
375,Finland,2006,F
375,Finland,2007,F
375,Finland,2008,F
375,Finland,2009,F
220,France,1987,F
220,France,1988,F
220,France,1989,F
220,France,1990,F
220,France,1991,F
220,France,1992,F
220,France,1993,F
220,France,1994,F
220,France,1995,F
220,France,1996,F
220,France,1997,F
220,France,1998,F
220,France,1999,F
220,France,2000,F
220,France,2001,F
220,France,2002,F
220,France,2003,F
220,France,2004,F
220,France,2005,F
220,France,2006,F
220,France,2007,F
220,France,2008,F
220,France,2009,F
481,Gabon,1987,PF
481,Gabon,1988,PF
481,Gabon,1989,PF
481,Gabon,1990,PF
481,Gabon,1991,PF
481,Gabon,1992,PF
481,Gabon,1993,PF
481,Gabon,1994,PF
481,Gabon,1995,PF
481,Gabon,1996,PF
481,Gabon,1997,PF
481,Gabon,1998,PF
481,Gabon,1999,PF
481,Gabon,2000,PF
481,Gabon,2001,PF
481,Gabon,2002,PF
481,Gabon,2003,PF
481,Gabon,2004,PF
481,Gabon,2005,PF
481,Gabon,2006,NF
481,Gabon,2007,NF
481,Gabon,2008,NF
481,Gabon,2009,NF
372,Georgia,1987,NA
372,Georgia,1988,NA
372,Georgia,1989,NA
372,Georgia,1990,NA
372,Georgia,1991,PF
372,Georgia,1992,PF
372,Georgia,1993,PF
372,Georgia,1994,PF
372,Georgia,1995,PF
372,Georgia,1996,PF
372,Georgia,1997,PF
372,Georgia,1998,PF
372,Georgia,1999,PF
372,Georgia,2000,PF
372,Georgia,2001,PF
372,Georgia,2002,PF
372,Georgia,2003,PF
372,Georgia,2004,PF
372,Georgia,2005,PF
372,Georgia,2006,PF
372,Georgia,2007,PF
372,Georgia,2008,PF
372,Georgia,2009,PF
255,Germany,1987,NA
255,Germany,1988,NA
255,Germany,1989,NA
255,Germany,1990,F
255,Germany,1991,F
255,Germany,1992,F
255,Germany,1993,F
255,Germany,1994,F
255,Germany,1995,F
255,Germany,1996,F
255,Germany,1997,F
255,Germany,1998,F
255,Germany,1999,F
255,Germany,2000,F
255,Germany,2001,F
255,Germany,2002,F
255,Germany,2003,F
255,Germany,2004,F
255,Germany,2005,F
255,Germany,2006,F
255,Germany,2007,F
255,Germany,2008,F
255,Germany,2009,F
452,Ghana,1987,NF
452,Ghana,1988,NF
452,Ghana,1989,PF
452,Ghana,1990,PF
452,Ghana,1991,PF
452,Ghana,1992,PF
452,Ghana,1993,PF
452,Ghana,1994,PF
452,Ghana,1995,PF
452,Ghana,1996,PF
452,Ghana,1997,NF
452,Ghana,1998,NF
452,Ghana,1999,NF
452,Ghana,2000,F
452,Ghana,2001,F
452,Ghana,2002,F
452,Ghana,2003,F
452,Ghana,2004,F
452,Ghana,2005,F
452,Ghana,2006,F
452,Ghana,2007,F
452,Ghana,2008,F
452,Ghana,2009,F
350,Greece,1987,F
350,Greece,1988,F
350,Greece,1989,F
350,Greece,1990,F
350,Greece,1991,F
350,Greece,1992,F
350,Greece,1993,F
350,Greece,1994,F
350,Greece,1995,F
350,Greece,1996,F
350,Greece,1997,F
350,Greece,1998,F
350,Greece,1999,F
350,Greece,2000,F
350,Greece,2001,F
350,Greece,2002,F
350,Greece,2003,F
350,Greece,2004,F
350,Greece,2005,F
350,Greece,2006,F
350,Greece,2007,F
350,Greece,2008,F
350,Greece,2009,F
55,Grenada,1987,F
55,Grenada,1988,F
55,Grenada,1989,F
55,Grenada,1990,F
55,Grenada,1991,F
55,Grenada,1992,F
55,Grenada,1993,F
55,Grenada,1994,F
55,Grenada,1995,F
55,Grenada,1996,F
55,Grenada,1997,F
55,Grenada,1998,F
55,Grenada,1999,F
55,Grenada,2000,F
55,Grenada,2001,F
55,Grenada,2002,F
55,Grenada,2003,F
55,Grenada,2004,F
55,Grenada,2005,F
55,Grenada,2006,F
55,Grenada,2007,F
55,Grenada,2008,F
55,Grenada,2009,F
90,Guatemala,1987,PF
90,Guatemala,1988,PF
90,Guatemala,1989,PF
90,Guatemala,1990,PF
90,Guatemala,1991,PF
90,Guatemala,1992,PF
90,Guatemala,1993,PF
90,Guatemala,1994,PF
90,Guatemala,1995,PF
90,Guatemala,1996,PF
90,Guatemala,1997,PF
90,Guatemala,1998,PF
90,Guatemala,1999,PF
90,Guatemala,2000,PF
90,Guatemala,2001,PF
90,Guatemala,2002,PF
90,Guatemala,2003,PF
90,Guatemala,2004,PF
90,Guatemala,2005,PF
90,Guatemala,2006,PF
90,Guatemala,2007,PF
90,Guatemala,2008,PF
90,Guatemala,2009,PF
438,Guinea,1987,NF
438,Guinea,1988,NF
438,Guinea,1989,NF
438,Guinea,1990,PF
438,Guinea,1991,PF
438,Guinea,1992,PF
438,Guinea,1993,PF
438,Guinea,1994,PF
438,Guinea,1995,PF
438,Guinea,1996,PF
438,Guinea,1997,PF
438,Guinea,1998,PF
438,Guinea,1999,PF
438,Guinea,2000,PF
438,Guinea,2001,PF
438,Guinea,2002,PF
438,Guinea,2003,NF
438,Guinea,2004,NF
438,Guinea,2005,NF
438,Guinea,2006,NF
438,Guinea,2007,NF
438,Guinea,2008,NF
438,Guinea,2009,NF
404,Guinea-Bissau,1987,NF
404,Guinea-Bissau,1988,NF
404,Guinea-Bissau,1989,NF
404,Guinea-Bissau,1990,PF
404,Guinea-Bissau,1991,PF
404,Guinea-Bissau,1992,PF
404,Guinea-Bissau,1993,PF
404,Guinea-Bissau,1994,PF
404,Guinea-Bissau,1995,PF
404,Guinea-Bissau,1996,PF
404,Guinea-Bissau,1997,PF
404,Guinea-Bissau,1998,PF
404,Guinea-Bissau,1999,PF
404,Guinea-Bissau,2000,PF
404,Guinea-Bissau,2001,PF
404,Guinea-Bissau,2002,PF
404,Guinea-Bissau,2003,PF
404,Guinea-Bissau,2004,PF
404,Guinea-Bissau,2005,PF
404,Guinea-Bissau,2006,PF
404,Guinea-Bissau,2007,PF
404,Guinea-Bissau,2008,PF
404,Guinea-Bissau,2009,PF
110,Guyana,1987,PF
110,Guyana,1988,PF
110,Guyana,1989,PF
110,Guyana,1990,PF
110,Guyana,1991,NF
110,Guyana,1992,F
110,Guyana,1993,F
110,Guyana,1994,F
110,Guyana,1995,F
110,Guyana,1996,F
110,Guyana,1997,F
110,Guyana,1998,F
110,Guyana,1999,F
110,Guyana,2000,F
110,Guyana,2001,F
110,Guyana,2002,F
110,Guyana,2003,F
110,Guyana,2004,F
110,Guyana,2005,NF
110,Guyana,2006,F
110,Guyana,2007,F
110,Guyana,2008,F
110,Guyana,2009,F
41,Haiti,1987,PF
41,Haiti,1988,NF
41,Haiti,1989,NF
41,Haiti,1990,NF
41,Haiti,1991,NF
41,Haiti,1992,NF
41,Haiti,1993,PF
41,Haiti,1994,PF
41,Haiti,1995,PF
41,Haiti,1996,PF
41,Haiti,1997,PF
41,Haiti,1998,NF
41,Haiti,1999,NF
41,Haiti,2000,NF
41,Haiti,2001,NF
41,Haiti,2002,NF
41,Haiti,2003,NF
41,Haiti,2004,NF
41,Haiti,2005,PF
41,Haiti,2006,PF
41,Haiti,2007,PF
41,Haiti,2008,PF
41,Haiti,2009,PF
91,Honduras,1987,F
91,Honduras,1988,F
91,Honduras,1989,F
91,Honduras,1990,NF
91,Honduras,1991,NF
91,Honduras,1992,NF
91,Honduras,1993,PF
91,Honduras,1994,NF
91,Honduras,1995,NF
91,Honduras,1996,NF
91,Honduras,1997,NF
91,Honduras,1998,NF
91,Honduras,1999,PF
91,Honduras,2000,PF
91,Honduras,2001,PF
91,Honduras,2002,PF
91,Honduras,2003,PF
91,Honduras,2004,PF
91,Honduras,2005,PF
91,Honduras,2006,PF
91,Honduras,2007,PF
91,Honduras,2008,PF
91,Honduras,2009,PF
310,Hungary,1987,PF
310,Hungary,1988,PF
310,Hungary,1989,F
310,Hungary,1990,F
310,Hungary,1991,F
310,Hungary,1992,F
310,Hungary,1993,F
310,Hungary,1994,F
310,Hungary,1995,F
310,Hungary,1996,F
310,Hungary,1997,F
310,Hungary,1998,F
310,Hungary,1999,F
310,Hungary,2000,F
310,Hungary,2001,F
310,Hungary,2002,F
310,Hungary,2003,F
310,Hungary,2004,F
310,Hungary,2005,F
310,Hungary,2006,F
310,Hungary,2007,F
310,Hungary,2008,F
310,Hungary,2009,F
395,Iceland,1987,F
395,Iceland,1988,F
395,Iceland,1989,F
395,Iceland,1990,F
395,Iceland,1991,F
395,Iceland,1992,F
395,Iceland,1993,F
395,Iceland,1994,F
395,Iceland,1995,F
395,Iceland,1996,F
395,Iceland,1997,F
395,Iceland,1998,F
395,Iceland,1999,F
395,Iceland,2000,F
395,Iceland,2001,F
395,Iceland,2002,F
395,Iceland,2003,F
395,Iceland,2004,F
395,Iceland,2005,F
395,Iceland,2006,F
395,Iceland,2007,F
395,Iceland,2008,F
395,Iceland,2009,F
750,India,1987,F
750,India,1988,NF
750,India,1989,PF
750,India,1990,PF
750,India,1991,PF
750,India,1992,PF
750,India,1993,PF
750,India,1994,PF
750,India,1995,PF
750,India,1996,NF
750,India,1997,NF
750,India,1998,F
750,India,1999,F
750,India,2000,F
750,India,2001,F
750,India,2002,F
750,India,2003,F
750,India,2004,F
750,India,2005,F
750,India,2006,F
750,India,2007,F
750,India,2008,F
750,India,2009,F
850,Indonesia,1987,PF
850,Indonesia,1988,PF
850,Indonesia,1989,PF
850,Indonesia,1990,NF
850,Indonesia,1991,NF
850,Indonesia,1992,NF
850,Indonesia,1993,NF
850,Indonesia,1994,NF
850,Indonesia,1995,NF
850,Indonesia,1996,PF
850,Indonesia,1997,PF
850,Indonesia,1998,PF
850,Indonesia,1999,PF
850,Indonesia,2000,PF
850,Indonesia,2001,PF
850,Indonesia,2002,PF
850,Indonesia,2003,PF
850,Indonesia,2004,NF
850,Indonesia,2005,F
850,Indonesia,2006,F
850,Indonesia,2007,F
850,Indonesia,2008,F
850,Indonesia,2009,F
630,Iran,1987,PF
630,Iran,1988,PF
630,Iran,1989,NF
630,Iran,1990,NF
630,Iran,1991,NF
630,Iran,1992,NF
630,Iran,1993,NF
630,Iran,1994,NF
630,Iran,1995,NF
630,Iran,1996,NF
630,Iran,1997,NF
630,Iran,1998,NF
630,Iran,1999,NF
630,Iran,2000,NF
630,Iran,2001,NF
630,Iran,2002,NF
630,Iran,2003,NF
630,Iran,2004,NF
630,Iran,2005,NF
630,Iran,2006,NF
630,Iran,2007,NF
630,Iran,2008,NF
630,Iran,2009,NF
645,Iraq,1987,NF
645,Iraq,1988,NF
645,Iraq,1989,NF
645,Iraq,1990,NF
645,Iraq,1991,NF
645,Iraq,1992,NF
645,Iraq,1993,NF
645,Iraq,1994,NF
645,Iraq,1995,NF
645,Iraq,1996,NF
645,Iraq,1997,NF
645,Iraq,1998,NF
645,Iraq,1999,NF
645,Iraq,2000,NF
645,Iraq,2001,NF
645,Iraq,2002,NF
645,Iraq,2003,NF
645,Iraq,2004,NF
645,Iraq,2005,NF
645,Iraq,2006,NF
645,Iraq,2007,NF
645,Iraq,2008,NF
645,Iraq,2009,NF
205,Ireland,1987,F
205,Ireland,1988,F
205,Ireland,1989,F
205,Ireland,1990,F
205,Ireland,1991,F
205,Ireland,1992,F
205,Ireland,1993,F
205,Ireland,1994,F
205,Ireland,1995,F
205,Ireland,1996,F
205,Ireland,1997,F
205,Ireland,1998,F
205,Ireland,1999,F
205,Ireland,2000,F
205,Ireland,2001,F
205,Ireland,2002,F
205,Ireland,2003,F
205,Ireland,2004,F
205,Ireland,2005,F
205,Ireland,2006,F
205,Ireland,2007,F
205,Ireland,2008,F
205,Ireland,2009,F
666,Israel,1987,F
666,Israel,1988,F
666,Israel,1989,F
666,Israel,1990,F
666,Israel,1991,F
666,Israel,1992,F
666,Israel,1993,F
666,Israel,1994,F
666,Israel,1995,F
666,Israel,1996,F
666,Israel,1997,F
666,Israel,1998,F
666,Israel,1999,F
666,Israel,2000,F
666,Israel,2001,F
666,Israel,2002,F
666,Israel,2003,F
666,Israel,2004,F
666,Israel,2005,F
666,Israel,2006,F
666,Israel,2007,F
666,Israel,2008,F
666,Israel,2009,F
325,Italy,1987,F
325,Italy,1988,F
325,Italy,1989,F
325,Italy,1990,F
325,Italy,1991,F
325,Italy,1992,F
325,Italy,1993,F
325,Italy,1994,F
325,Italy,1995,F
325,Italy,1996,F
325,Italy,1997,F
325,Italy,1998,F
325,Italy,1999,F
325,Italy,2000,F
325,Italy,2001,F
325,Italy,2002,F
325,Italy,2003,F
325,Italy,2004,F
325,Italy,2005,F
325,Italy,2006,F
325,Italy,2007,F
325,Italy,2008,F
325,Italy,2009,F
51,Jamaica,1987,F
51,Jamaica,1988,F
51,Jamaica,1989,F
51,Jamaica,1990,F
51,Jamaica,1991,F
51,Jamaica,1992,F
51,Jamaica,1993,F
51,Jamaica,1994,F
51,Jamaica,1995,F
51,Jamaica,1996,F
51,Jamaica,1997,F
51,Jamaica,1998,F
51,Jamaica,1999,F
51,Jamaica,2000,F
51,Jamaica,2001,F
51,Jamaica,2002,F
51,Jamaica,2003,F
51,Jamaica,2004,F
51,Jamaica,2005,F
51,Jamaica,2006,F
51,Jamaica,2007,F
51,Jamaica,2008,F
51,Jamaica,2009,F
740,Japan,1987,F
740,Japan,1988,F
740,Japan,1989,F
740,Japan,1990,F
740,Japan,1991,F
740,Japan,1992,F
740,Japan,1993,F
740,Japan,1994,F
740,Japan,1995,F
740,Japan,1996,F
740,Japan,1997,F
740,Japan,1998,F
740,Japan,1999,F
740,Japan,2000,F
740,Japan,2001,F
740,Japan,2002,F
740,Japan,2003,F
740,Japan,2004,F
740,Japan,2005,F
740,Japan,2006,F
740,Japan,2007,F
740,Japan,2008,F
740,Japan,2009,F
663,Jordan,1987,PF
663,Jordan,1988,PF
663,Jordan,1989,PF
663,Jordan,1990,PF
663,Jordan,1991,PF
663,Jordan,1992,PF
663,Jordan,1993,PF
663,Jordan,1994,PF
663,Jordan,1995,PF
663,Jordan,1996,PF
663,Jordan,1997,PF
663,Jordan,1998,PF
663,Jordan,1999,PF
663,Jordan,2000,PF
663,Jordan,2001,PF
663,Jordan,2002,PF
663,Jordan,2003,PF
663,Jordan,2004,PF
663,Jordan,2005,PF
663,Jordan,2006,PF
663,Jordan,2007,NF
663,Jordan,2008,NF
663,Jordan,2009,NF
705,Kazakhstan,1987,NA
705,Kazakhstan,1988,NA
705,Kazakhstan,1989,NA
705,Kazakhstan,1990,NA
705,Kazakhstan,1991,PF
705,Kazakhstan,1992,PF
705,Kazakhstan,1993,PF
705,Kazakhstan,1994,PF
705,Kazakhstan,1995,PF
705,Kazakhstan,1996,PF
705,Kazakhstan,1997,PF
705,Kazakhstan,1998,PF
705,Kazakhstan,1999,PF
705,Kazakhstan,2000,PF
705,Kazakhstan,2001,PF
705,Kazakhstan,2002,PF
705,Kazakhstan,2003,NF
705,Kazakhstan,2004,NF
705,Kazakhstan,2005,NF
705,Kazakhstan,2006,NF
705,Kazakhstan,2007,NF
705,Kazakhstan,2008,NF
705,Kazakhstan,2009,NF
501,Kenya,1987,NF
501,Kenya,1988,NF
501,Kenya,1989,NF
501,Kenya,1990,PF
501,Kenya,1991,PF
501,Kenya,1992,NF
501,Kenya,1993,NF
501,Kenya,1994,NF
501,Kenya,1995,NF
501,Kenya,1996,NF
501,Kenya,1997,NF
501,Kenya,1998,PF
501,Kenya,1999,PF
501,Kenya,2000,PF
501,Kenya,2001,PF
501,Kenya,2002,PF
501,Kenya,2003,PF
501,Kenya,2004,PF
501,Kenya,2005,PF
501,Kenya,2006,PF
501,Kenya,2007,PF
501,Kenya,2008,PF
501,Kenya,2009,PF
946,Kiribati,1987,F
946,Kiribati,1988,F
946,Kiribati,1989,F
946,Kiribati,1990,F
946,Kiribati,1991,F
946,Kiribati,1992,F
946,Kiribati,1993,F
946,Kiribati,1994,F
946,Kiribati,1995,F
946,Kiribati,1996,F
946,Kiribati,1997,F
946,Kiribati,1998,F
946,Kiribati,1999,F
946,Kiribati,2000,F
946,Kiribati,2001,F
946,Kiribati,2002,F
946,Kiribati,2003,F
946,Kiribati,2004,F
946,Kiribati,2005,F
946,Kiribati,2006,F
946,Kiribati,2007,F
946,Kiribati,2008,F
946,Kiribati,2009,F
690,Kuwait,1987,NF
690,Kuwait,1988,NF
690,Kuwait,1989,NF
690,Kuwait,1990,NF
690,Kuwait,1991,PF
690,Kuwait,1992,PF
690,Kuwait,1993,PF
690,Kuwait,1994,PF
690,Kuwait,1995,PF
690,Kuwait,1996,PF
690,Kuwait,1997,PF
690,Kuwait,1998,PF
690,Kuwait,1999,PF
690,Kuwait,2000,PF
690,Kuwait,2001,PF
690,Kuwait,2002,PF
690,Kuwait,2003,PF
690,Kuwait,2004,PF
690,Kuwait,2005,PF
690,Kuwait,2006,PF
690,Kuwait,2007,PF
690,Kuwait,2008,PF
690,Kuwait,2009,PF
703,Kyrgyzstan,1987,NA
703,Kyrgyzstan,1988,NA
703,Kyrgyzstan,1989,NA
703,Kyrgyzstan,1990,NA
703,Kyrgyzstan,1991,PF
703,Kyrgyzstan,1992,PF
703,Kyrgyzstan,1993,PF
703,Kyrgyzstan,1994,PF
703,Kyrgyzstan,1995,PF
703,Kyrgyzstan,1996,PF
703,Kyrgyzstan,1997,PF
703,Kyrgyzstan,1998,PF
703,Kyrgyzstan,1999,PF
703,Kyrgyzstan,2000,PF
703,Kyrgyzstan,2001,PF
703,Kyrgyzstan,2002,PF
703,Kyrgyzstan,2003,PF
703,Kyrgyzstan,2004,PF
703,Kyrgyzstan,2005,PF
703,Kyrgyzstan,2006,PF
703,Kyrgyzstan,2007,PF
703,Kyrgyzstan,2008,PF
703,Kyrgyzstan,2009,NF
812,Laos,1987,NF
812,Laos,1988,NF
812,Laos,1989,NF
812,Laos,1990,NF
812,Laos,1991,NF
812,Laos,1992,NF
812,Laos,1993,NF
812,Laos,1994,NF
812,Laos,1995,NF
812,Laos,1996,NF
812,Laos,1997,NF
812,Laos,1998,NF
812,Laos,1999,NF
812,Laos,2000,NF
812,Laos,2001,NF
812,Laos,2002,NF
812,Laos,2003,NF
812,Laos,2004,NF
812,Laos,2005,NF
812,Laos,2006,NF
812,Laos,2007,NF
812,Laos,2008,NF
812,Laos,2009,NF
367,Latvia,1987,NA
367,Latvia,1988,NA
367,Latvia,1989,NA
367,Latvia,1990,NA
367,Latvia,1991,NF
367,Latvia,1992,NF
367,Latvia,1993,F
367,Latvia,1994,F
367,Latvia,1995,F
367,Latvia,1996,F
367,Latvia,1997,F
367,Latvia,1998,F
367,Latvia,1999,F
367,Latvia,2000,F
367,Latvia,2001,F
367,Latvia,2002,F
367,Latvia,2003,F
367,Latvia,2004,F
367,Latvia,2005,F
367,Latvia,2006,F
367,Latvia,2007,F
367,Latvia,2008,F
367,Latvia,2009,F
660,Lebanon,1987,PF
660,Lebanon,1988,PF
660,Lebanon,1989,PF
660,Lebanon,1990,PF
660,Lebanon,1991,PF
660,Lebanon,1992,PF
660,Lebanon,1993,PF
660,Lebanon,1994,PF
660,Lebanon,1995,PF
660,Lebanon,1996,PF
660,Lebanon,1997,PF
660,Lebanon,1998,PF
660,Lebanon,1999,PF
660,Lebanon,2000,PF
660,Lebanon,2001,PF
660,Lebanon,2002,PF
660,Lebanon,2003,PF
660,Lebanon,2004,PF
660,Lebanon,2005,PF
660,Lebanon,2006,PF
660,Lebanon,2007,PF
660,Lebanon,2008,PF
660,Lebanon,2009,PF
570,Lesotho,1987,NF
570,Lesotho,1988,PF
570,Lesotho,1989,PF
570,Lesotho,1990,PF
570,Lesotho,1991,PF
570,Lesotho,1992,PF
570,Lesotho,1993,PF
570,Lesotho,1994,PF
570,Lesotho,1995,PF
570,Lesotho,1996,PF
570,Lesotho,1997,PF
570,Lesotho,1998,PF
570,Lesotho,1999,PF
570,Lesotho,2000,PF
570,Lesotho,2001,NF
570,Lesotho,2002,F
570,Lesotho,2003,F
570,Lesotho,2004,F
570,Lesotho,2005,F
570,Lesotho,2006,NF
570,Lesotho,2007,NF
570,Lesotho,2008,NF
570,Lesotho,2009,PF
450,Liberia,1987,NF
450,Liberia,1988,NF
450,Liberia,1989,NF
450,Liberia,1990,NF
450,Liberia,1991,NF
450,Liberia,1992,NF
450,Liberia,1993,NF
450,Liberia,1994,NF
450,Liberia,1995,PF
450,Liberia,1996,PF
450,Liberia,1997,PF
450,Liberia,1998,PF
450,Liberia,1999,PF
450,Liberia,2000,NF
450,Liberia,2001,NF
450,Liberia,2002,PF
450,Liberia,2003,PF
450,Liberia,2004,PF
450,Liberia,2005,PF
450,Liberia,2006,PF
450,Liberia,2007,PF
450,Liberia,2008,PF
450,Liberia,2009,PF
620,Libya,1987,NF
620,Libya,1988,NF
620,Libya,1989,NF
620,Libya,1990,NF
620,Libya,1991,NF
620,Libya,1992,NF
620,Libya,1993,NF
620,Libya,1994,NF
620,Libya,1995,NF
620,Libya,1996,NF
620,Libya,1997,NF
620,Libya,1998,NF
620,Libya,1999,NF
620,Libya,2000,NF
620,Libya,2001,NF
620,Libya,2002,NF
620,Libya,2003,NF
620,Libya,2004,NF
620,Libya,2005,NF
620,Libya,2006,NF
620,Libya,2007,NF
620,Libya,2008,NF
620,Libya,2009,NF
223,Liechtenstein,1987,NA
223,Liechtenstein,1988,NA
223,Liechtenstein,1989,NA
223,Liechtenstein,1990,NA
223,Liechtenstein,1991,NA
223,Liechtenstein,1992,F
223,Liechtenstein,1993,F
223,Liechtenstein,1994,F
223,Liechtenstein,1995,F
223,Liechtenstein,1996,F
223,Liechtenstein,1997,F
223,Liechtenstein,1998,F
223,Liechtenstein,1999,F
223,Liechtenstein,2000,F
223,Liechtenstein,2001,F
223,Liechtenstein,2002,F
223,Liechtenstein,2003,F
223,Liechtenstein,2004,F
223,Liechtenstein,2005,F
223,Liechtenstein,2006,F
223,Liechtenstein,2007,F
223,Liechtenstein,2008,F
223,Liechtenstein,2009,F
368,Lithuania,1987,NA
368,Lithuania,1988,NA
368,Lithuania,1989,NA
368,Lithuania,1990,NA
368,Lithuania,1991,F
368,Lithuania,1992,F
368,Lithuania,1993,F
368,Lithuania,1994,F
368,Lithuania,1995,F
368,Lithuania,1996,F
368,Lithuania,1997,F
368,Lithuania,1998,F
368,Lithuania,1999,F
368,Lithuania,2000,F
368,Lithuania,2001,F
368,Lithuania,2002,F
368,Lithuania,2003,F
368,Lithuania,2004,F
368,Lithuania,2005,F
368,Lithuania,2006,F
368,Lithuania,2007,F
368,Lithuania,2008,F
368,Lithuania,2009,F
212,Luxembourg,1987,F
212,Luxembourg,1988,F
212,Luxembourg,1989,F
212,Luxembourg,1990,F
212,Luxembourg,1991,F
212,Luxembourg,1992,F
212,Luxembourg,1993,F
212,Luxembourg,1994,F
212,Luxembourg,1995,F
212,Luxembourg,1996,F
212,Luxembourg,1997,F
212,Luxembourg,1998,F
212,Luxembourg,1999,F
212,Luxembourg,2000,F
212,Luxembourg,2001,F
212,Luxembourg,2002,F
212,Luxembourg,2003,F
212,Luxembourg,2004,F
212,Luxembourg,2005,F
212,Luxembourg,2006,F
212,Luxembourg,2007,F
212,Luxembourg,2008,F
212,Luxembourg,2009,F
580,Madagascar,1987,PF
580,Madagascar,1988,PF
580,Madagascar,1989,PF
580,Madagascar,1990,PF
580,Madagascar,1991,PF
580,Madagascar,1992,PF
580,Madagascar,1993,PF
580,Madagascar,1994,PF
580,Madagascar,1995,PF
580,Madagascar,1996,PF
580,Madagascar,1997,PF
580,Madagascar,1998,PF
580,Madagascar,1999,PF
580,Madagascar,2000,PF
580,Madagascar,2001,PF
580,Madagascar,2002,PF
580,Madagascar,2003,PF
580,Madagascar,2004,PF
580,Madagascar,2005,PF
580,Madagascar,2006,PF
580,Madagascar,2007,PF
580,Madagascar,2008,PF
580,Madagascar,2009,PF
553,Malawi,1987,NF
553,Malawi,1988,NF
553,Malawi,1989,NF
553,Malawi,1990,NF
553,Malawi,1991,PF
553,Malawi,1992,PF
553,Malawi,1993,PF
553,Malawi,1994,F
553,Malawi,1995,F
553,Malawi,1996,NF
553,Malawi,1997,NF
553,Malawi,1998,PF
553,Malawi,1999,PF
553,Malawi,2000,PF
553,Malawi,2001,PF
553,Malawi,2002,PF
553,Malawi,2003,PF
553,Malawi,2004,PF
553,Malawi,2005,PF
553,Malawi,2006,PF
553,Malawi,2007,PF
553,Malawi,2008,PF
553,Malawi,2009,PF
820,Malaysia,1987,PF
820,Malaysia,1988,PF
820,Malaysia,1989,PF
820,Malaysia,1990,PF
820,Malaysia,1991,PF
820,Malaysia,1992,PF
820,Malaysia,1993,PF
820,Malaysia,1994,PF
820,Malaysia,1995,PF
820,Malaysia,1996,PF
820,Malaysia,1997,PF
820,Malaysia,1998,PF
820,Malaysia,1999,PF
820,Malaysia,2000,PF
820,Malaysia,2001,PF
820,Malaysia,2002,PF
820,Malaysia,2003,PF
820,Malaysia,2004,PF
820,Malaysia,2005,PF
820,Malaysia,2006,PF
820,Malaysia,2007,PF
820,Malaysia,2008,PF
820,Malaysia,2009,PF
781,Maldives,1987,PF
781,Maldives,1988,PF
781,Maldives,1989,PF
781,Maldives,1990,NF
781,Maldives,1991,NF
781,Maldives,1992,NF
781,Maldives,1993,NF
781,Maldives,1994,NF
781,Maldives,1995,NF
781,Maldives,1996,NF
781,Maldives,1997,NF
781,Maldives,1998,PF
781,Maldives,1999,PF
781,Maldives,2000,PF
781,Maldives,2001,PF
781,Maldives,2002,PF
781,Maldives,2003,NF
781,Maldives,2004,NF
781,Maldives,2005,NF
781,Maldives,2006,PF
781,Maldives,2007,PF
781,Maldives,2008,PF
781,Maldives,2009,PF
432,Mali,1987,NF
432,Mali,1988,NF
432,Mali,1989,PF
432,Mali,1990,PF
432,Mali,1991,PF
432,Mali,1992,NF
432,Mali,1993,F
432,Mali,1994,NF
432,Mali,1995,NF
432,Mali,1996,NF
432,Mali,1997,NF
432,Mali,1998,NF
432,Mali,1999,NF
432,Mali,2000,F
432,Mali,2001,F
432,Mali,2002,F
432,Mali,2003,F
432,Mali,2004,F
432,Mali,2005,F
432,Mali,2006,F
432,Mali,2007,F
432,Mali,2008,F
432,Mali,2009,F
338,Malta,1987,F
338,Malta,1988,F
338,Malta,1989,F
338,Malta,1990,F
338,Malta,1991,F
338,Malta,1992,F
338,Malta,1993,F
338,Malta,1994,F
338,Malta,1995,F
338,Malta,1996,F
338,Malta,1997,F
338,Malta,1998,F
338,Malta,1999,F
338,Malta,2000,F
338,Malta,2001,F
338,Malta,2002,F
338,Malta,2003,F
338,Malta,2004,F
338,Malta,2005,F
338,Malta,2006,F
338,Malta,2007,F
338,Malta,2008,F
338,Malta,2009,F
983,Marshall Islands,1987,NA
983,Marshall Islands,1988,NA
983,Marshall Islands,1989,NA
983,Marshall Islands,1990,NA
983,Marshall Islands,1991,F
983,Marshall Islands,1992,F
983,Marshall Islands,1993,F
983,Marshall Islands,1994,F
983,Marshall Islands,1995,F
983,Marshall Islands,1996,F
983,Marshall Islands,1997,F
983,Marshall Islands,1998,F
983,Marshall Islands,1999,F
983,Marshall Islands,2000,F
983,Marshall Islands,2001,F
983,Marshall Islands,2002,F
983,Marshall Islands,2003,F
983,Marshall Islands,2004,F
983,Marshall Islands,2005,F
983,Marshall Islands,2006,F
983,Marshall Islands,2007,F
983,Marshall Islands,2008,F
983,Marshall Islands,2009,F
435,Mauritania,1987,NF
435,Mauritania,1988,NF
435,Mauritania,1989,NF
435,Mauritania,1990,NF
435,Mauritania,1991,NF
435,Mauritania,1992,NF
435,Mauritania,1993,NF
435,Mauritania,1994,NF
435,Mauritania,1995,NF
435,Mauritania,1996,NF
435,Mauritania,1997,NF
435,Mauritania,1998,PF
435,Mauritania,1999,PF
435,Mauritania,2000,PF
435,Mauritania,2001,PF
435,Mauritania,2002,PF
435,Mauritania,2003,NF
435,Mauritania,2004,PF
435,Mauritania,2005,PF
435,Mauritania,2006,PF
435,Mauritania,2007,NF
435,Mauritania,2008,NF
435,Mauritania,2009,NF
590,Mauritius,1987,F
590,Mauritius,1988,F
590,Mauritius,1989,F
590,Mauritius,1990,F
590,Mauritius,1991,F
590,Mauritius,1992,F
590,Mauritius,1993,F
590,Mauritius,1994,F
590,Mauritius,1995,F
590,Mauritius,1996,F
590,Mauritius,1997,F
590,Mauritius,1998,F
590,Mauritius,1999,F
590,Mauritius,2000,F
590,Mauritius,2001,F
590,Mauritius,2002,F
590,Mauritius,2003,F
590,Mauritius,2004,F
590,Mauritius,2005,F
590,Mauritius,2006,F
590,Mauritius,2007,F
590,Mauritius,2008,F
590,Mauritius,2009,F
70,Mexico,1987,PF
70,Mexico,1988,PF
70,Mexico,1989,PF
70,Mexico,1990,PF
70,Mexico,1991,PF
70,Mexico,1992,PF
70,Mexico,1993,PF
70,Mexico,1994,PF
70,Mexico,1995,PF
70,Mexico,1996,PF
70,Mexico,1997,PF
70,Mexico,1998,NF
70,Mexico,1999,NF
70,Mexico,2000,F
70,Mexico,2001,F
70,Mexico,2002,F
70,Mexico,2003,F
70,Mexico,2004,F
70,Mexico,2005,F
70,Mexico,2006,F
70,Mexico,2007,NF
70,Mexico,2008,NF
70,Mexico,2009,NF
987,Micronesia,1987,NA
987,Micronesia,1988,NA
987,Micronesia,1989,NA
987,Micronesia,1990,NA
987,Micronesia,1991,F
987,Micronesia,1992,F
987,Micronesia,1993,F
987,Micronesia,1994,F
987,Micronesia,1995,F
987,Micronesia,1996,F
987,Micronesia,1997,F
987,Micronesia,1998,F
987,Micronesia,1999,F
987,Micronesia,2000,F
987,Micronesia,2001,F
987,Micronesia,2002,F
987,Micronesia,2003,F
987,Micronesia,2004,F
987,Micronesia,2005,F
987,Micronesia,2006,F
987,Micronesia,2007,F
987,Micronesia,2008,F
987,Micronesia,2009,F
359,Moldova,1987,NA
359,Moldova,1988,NA
359,Moldova,1989,NA
359,Moldova,1990,NA
359,Moldova,1991,PF
359,Moldova,1992,PF
359,Moldova,1993,PF
359,Moldova,1994,PF
359,Moldova,1995,PF
359,Moldova,1996,PF
359,Moldova,1997,PF
359,Moldova,1998,PF
359,Moldova,1999,PF
359,Moldova,2000,PF
359,Moldova,2001,PF
359,Moldova,2002,PF
359,Moldova,2003,PF
359,Moldova,2004,PF
359,Moldova,2005,PF
359,Moldova,2006,PF
359,Moldova,2007,PF
359,Moldova,2008,PF
359,Moldova,2009,PF
221,Monaco,1987,NA
221,Monaco,1988,NA
221,Monaco,1989,NA
221,Monaco,1990,NA
221,Monaco,1991,NA
221,Monaco,1992,NA
221,Monaco,1993,F
221,Monaco,1994,F
221,Monaco,1995,F
221,Monaco,1996,F
221,Monaco,1997,F
221,Monaco,1998,F
221,Monaco,1999,F
221,Monaco,2000,F
221,Monaco,2001,F
221,Monaco,2002,F
221,Monaco,2003,F
221,Monaco,2004,F
221,Monaco,2005,F
221,Monaco,2006,F
221,Monaco,2007,F
221,Monaco,2008,F
221,Monaco,2009,F
712,Mongolia,1987,NF
712,Mongolia,1988,PF
712,Mongolia,1989,PF
712,Mongolia,1990,NF
712,Mongolia,1991,F
712,Mongolia,1992,F
712,Mongolia,1993,F
712,Mongolia,1994,F
712,Mongolia,1995,F
712,Mongolia,1996,F
712,Mongolia,1997,F
712,Mongolia,1998,F
712,Mongolia,1999,F
712,Mongolia,2000,F
712,Mongolia,2001,F
712,Mongolia,2002,F
712,Mongolia,2003,F
712,Mongolia,2004,F
712,Mongolia,2005,F
712,Mongolia,2006,F
712,Mongolia,2007,F
712,Mongolia,2008,F
712,Mongolia,2009,F
600,Morocco,1987,PF
600,Morocco,1988,PF
600,Morocco,1989,PF
600,Morocco,1990,PF
600,Morocco,1991,PF
600,Morocco,1992,PF
600,Morocco,1993,PF
600,Morocco,1994,PF
600,Morocco,1995,PF
600,Morocco,1996,PF
600,Morocco,1997,PF
600,Morocco,1998,PF
600,Morocco,1999,PF
600,Morocco,2000,PF
600,Morocco,2001,PF
600,Morocco,2002,PF
600,Morocco,2003,PF
600,Morocco,2004,PF
600,Morocco,2005,PF
600,Morocco,2006,PF
600,Morocco,2007,PF
600,Morocco,2008,PF
600,Morocco,2009,PF
541,Mozambique,1987,NF
541,Mozambique,1988,NF
541,Mozambique,1989,NF
541,Mozambique,1990,PF
541,Mozambique,1991,PF
541,Mozambique,1992,PF
541,Mozambique,1993,PF
541,Mozambique,1994,PF
541,Mozambique,1995,PF
541,Mozambique,1996,PF
541,Mozambique,1997,PF
541,Mozambique,1998,PF
541,Mozambique,1999,PF
541,Mozambique,2000,PF
541,Mozambique,2001,PF
541,Mozambique,2002,PF
541,Mozambique,2003,PF
541,Mozambique,2004,PF
541,Mozambique,2005,PF
541,Mozambique,2006,PF
541,Mozambique,2007,PF
541,Mozambique,2008,PF
541,Mozambique,2009,PF
775,Myanmar,1987,NF
775,Myanmar,1988,NF
775,Myanmar,1989,NF
775,Myanmar,1990,NF
775,Myanmar,1991,NF
775,Myanmar,1992,NF
775,Myanmar,1993,NF
775,Myanmar,1994,NF
775,Myanmar,1995,NF
775,Myanmar,1996,NF
775,Myanmar,1997,NF
775,Myanmar,1998,NF
775,Myanmar,1999,NF
775,Myanmar,2000,NF
775,Myanmar,2001,NF
775,Myanmar,2002,NF
775,Myanmar,2003,NF
775,Myanmar,2004,NF
775,Myanmar,2005,NF
775,Myanmar,2006,NF
775,Myanmar,2007,NF
775,Myanmar,2008,NF
775,Myanmar,2009,NF
565,Namibia,1987,NA
565,Namibia,1988,NA
565,Namibia,1989,NF
565,Namibia,1990,F
565,Namibia,1991,F
565,Namibia,1992,F
565,Namibia,1993,F
565,Namibia,1994,F
565,Namibia,1995,F
565,Namibia,1996,F
565,Namibia,1997,F
565,Namibia,1998,F
565,Namibia,1999,F
565,Namibia,2000,F
565,Namibia,2001,F
565,Namibia,2002,F
565,Namibia,2003,F
565,Namibia,2004,F
565,Namibia,2005,F
565,Namibia,2006,F
565,Namibia,2007,F
565,Namibia,2008,F
565,Namibia,2009,F
790,Nepal,1987,PF
790,Nepal,1988,PF
790,Nepal,1989,PF
790,Nepal,1990,PF
790,Nepal,1991,PF
790,Nepal,1992,PF
790,Nepal,1993,PF
790,Nepal,1994,PF
790,Nepal,1995,PF
790,Nepal,1996,PF
790,Nepal,1997,PF
790,Nepal,1998,PF
790,Nepal,1999,PF
790,Nepal,2000,PF
790,Nepal,2001,PF
790,Nepal,2002,PF
790,Nepal,2003,PF
790,Nepal,2004,PF
790,Nepal,2005,PF
790,Nepal,2006,PF
790,Nepal,2007,PF
790,Nepal,2008,PF
790,Nepal,2009,PF
210,Netherlands,1987,F
210,Netherlands,1988,F
210,Netherlands,1989,F
210,Netherlands,1990,F
210,Netherlands,1991,F
210,Netherlands,1992,F
210,Netherlands,1993,F
210,Netherlands,1994,F
210,Netherlands,1995,F
210,Netherlands,1996,F
210,Netherlands,1997,F
210,Netherlands,1998,F
210,Netherlands,1999,F
210,Netherlands,2000,F
210,Netherlands,2001,F
210,Netherlands,2002,F
210,Netherlands,2003,F
210,Netherlands,2004,F
210,Netherlands,2005,F
210,Netherlands,2006,F
210,Netherlands,2007,F
210,Netherlands,2008,F
210,Netherlands,2009,F
920,New Zealand,1987,F
920,New Zealand,1988,F
920,New Zealand,1989,F
920,New Zealand,1990,F
920,New Zealand,1991,F
920,New Zealand,1992,F
920,New Zealand,1993,F
920,New Zealand,1994,F
920,New Zealand,1995,F
920,New Zealand,1996,F
920,New Zealand,1997,F
920,New Zealand,1998,F
920,New Zealand,1999,F
920,New Zealand,2000,F
920,New Zealand,2001,F
920,New Zealand,2002,F
920,New Zealand,2003,F
920,New Zealand,2004,F
920,New Zealand,2005,F
920,New Zealand,2006,F
920,New Zealand,2007,F
920,New Zealand,2008,F
920,New Zealand,2009,F
93,Nicaragua,1987,PF
93,Nicaragua,1988,PF
93,Nicaragua,1989,PF
93,Nicaragua,1990,PF
93,Nicaragua,1991,PF
93,Nicaragua,1992,PF
93,Nicaragua,1993,PF
93,Nicaragua,1994,PF
93,Nicaragua,1995,PF
93,Nicaragua,1996,NF
93,Nicaragua,1997,NF
93,Nicaragua,1998,NF
93,Nicaragua,1999,PF
93,Nicaragua,2000,PF
93,Nicaragua,2001,PF
93,Nicaragua,2002,PF
93,Nicaragua,2003,PF
93,Nicaragua,2004,PF
93,Nicaragua,2005,PF
93,Nicaragua,2006,PF
93,Nicaragua,2007,PF
93,Nicaragua,2008,PF
93,Nicaragua,2009,PF
436,Niger,1987,NF
436,Niger,1988,NF
436,Niger,1989,PF
436,Niger,1990,PF
436,Niger,1991,PF
436,Niger,1992,PF
436,Niger,1993,PF
436,Niger,1994,PF
436,Niger,1995,PF
436,Niger,1996,NF
436,Niger,1997,PF
436,Niger,1998,PF
436,Niger,1999,PF
436,Niger,2000,PF
436,Niger,2001,PF
436,Niger,2002,PF
436,Niger,2003,PF
436,Niger,2004,PF
436,Niger,2005,PF
436,Niger,2006,PF
436,Niger,2007,PF
436,Niger,2008,PF
436,Niger,2009,PF
475,Nigeria,1987,PF
475,Nigeria,1988,PF
475,Nigeria,1989,PF
475,Nigeria,1990,PF
475,Nigeria,1991,PF
475,Nigeria,1992,NF
475,Nigeria,1993,NF
475,Nigeria,1994,NF
475,Nigeria,1995,NF
475,Nigeria,1996,PF
475,Nigeria,1997,PF
475,Nigeria,1998,PF
475,Nigeria,1999,PF
475,Nigeria,2000,PF
475,Nigeria,2001,PF
475,Nigeria,2002,PF
475,Nigeria,2003,PF
475,Nigeria,2004,PF
475,Nigeria,2005,PF
475,Nigeria,2006,PF
475,Nigeria,2007,PF
475,Nigeria,2008,PF
475,Nigeria,2009,PF
731,North Korea,1987,NF
731,North Korea,1988,NF
731,North Korea,1989,NF
731,North Korea,1990,NF
731,North Korea,1991,NF
731,North Korea,1992,NF
731,North Korea,1993,NF
731,North Korea,1994,NF
731,North Korea,1995,NF
731,North Korea,1996,NF
731,North Korea,1997,NF
731,North Korea,1998,NF
731,North Korea,1999,NF
731,North Korea,2000,NF
731,North Korea,2001,NF
731,North Korea,2002,NF
731,North Korea,2003,NF
731,North Korea,2004,NF
731,North Korea,2005,NF
731,North Korea,2006,NF
731,North Korea,2007,NF
731,North Korea,2008,NF
731,North Korea,2009,NF
385,Norway,1987,F
385,Norway,1988,F
385,Norway,1989,F
385,Norway,1990,F
385,Norway,1991,F
385,Norway,1992,F
385,Norway,1993,F
385,Norway,1994,F
385,Norway,1995,F
385,Norway,1996,F
385,Norway,1997,F
385,Norway,1998,F
385,Norway,1999,F
385,Norway,2000,F
385,Norway,2001,F
385,Norway,2002,F
385,Norway,2003,F
385,Norway,2004,F
385,Norway,2005,F
385,Norway,2006,F
385,Norway,2007,F
385,Norway,2008,F
385,Norway,2009,F
698,Oman,1987,NF
698,Oman,1988,NF
698,Oman,1989,NF
698,Oman,1990,NF
698,Oman,1991,NF
698,Oman,1992,NF
698,Oman,1993,NF
698,Oman,1994,NF
698,Oman,1995,NF
698,Oman,1996,NF
698,Oman,1997,NF
698,Oman,1998,NF
698,Oman,1999,NF
698,Oman,2000,PF
698,Oman,2001,PF
698,Oman,2002,PF
698,Oman,2003,NF
698,Oman,2004,NF
698,Oman,2005,NF
698,Oman,2006,NF
698,Oman,2007,NF
698,Oman,2008,NF
698,Oman,2009,NF
770,Pakistan,1987,PF
770,Pakistan,1988,PF
770,Pakistan,1989,PF
770,Pakistan,1990,PF
770,Pakistan,1991,PF
770,Pakistan,1992,PF
770,Pakistan,1993,PF
770,Pakistan,1994,PF
770,Pakistan,1995,PF
770,Pakistan,1996,PF
770,Pakistan,1997,PF
770,Pakistan,1998,PF
770,Pakistan,1999,NF
770,Pakistan,2000,PF
770,Pakistan,2001,PF
770,Pakistan,2002,PF
770,Pakistan,2003,NF
770,Pakistan,2004,NF
770,Pakistan,2005,NF
770,Pakistan,2006,PF
770,Pakistan,2007,PF
770,Pakistan,2008,PF
770,Pakistan,2009,PF
986,Palau,1987,NA
986,Palau,1988,NA
986,Palau,1989,NA
986,Palau,1990,NA
986,Palau,1991,NA
986,Palau,1992,NA
986,Palau,1993,NA
986,Palau,1994,F
986,Palau,1995,F
986,Palau,1996,F
986,Palau,1997,F
986,Palau,1998,F
986,Palau,1999,F
986,Palau,2000,F
986,Palau,2001,F
986,Palau,2002,F
986,Palau,2003,F
986,Palau,2004,F
986,Palau,2005,F
986,Palau,2006,F
986,Palau,2007,F
986,Palau,2008,F
986,Palau,2009,F
95,Panama,1987,PF
95,Panama,1988,PF
95,Panama,1989,PF
95,Panama,1990,PF
95,Panama,1991,PF
95,Panama,1992,NF
95,Panama,1993,NF
95,Panama,1994,F
95,Panama,1995,F
95,Panama,1996,F
95,Panama,1997,F
95,Panama,1998,F
95,Panama,1999,F
95,Panama,2000,F
95,Panama,2001,F
95,Panama,2002,F
95,Panama,2003,F
95,Panama,2004,F
95,Panama,2005,F
95,Panama,2006,F
95,Panama,2007,F
95,Panama,2008,F
95,Panama,2009,F
910,Papua New Guinea,1987,F
910,Papua New Guinea,1988,F
910,Papua New Guinea,1989,F
910,Papua New Guinea,1990,NF
910,Papua New Guinea,1991,NF
910,Papua New Guinea,1992,NF
910,Papua New Guinea,1993,PF
910,Papua New Guinea,1994,PF
910,Papua New Guinea,1995,NF
910,Papua New Guinea,1996,NF
910,Papua New Guinea,1997,NF
910,Papua New Guinea,1998,NF
910,Papua New Guinea,1999,F
910,Papua New Guinea,2000,NF
910,Papua New Guinea,2001,NF
910,Papua New Guinea,2002,NF
910,Papua New Guinea,2003,PF
910,Papua New Guinea,2004,PF
910,Papua New Guinea,2005,PF
910,Papua New Guinea,2006,PF
910,Papua New Guinea,2007,PF
910,Papua New Guinea,2008,PF
910,Papua New Guinea,2009,PF
150,Paraguay,1987,PF
150,Paraguay,1988,PF
150,Paraguay,1989,PF
150,Paraguay,1990,PF
150,Paraguay,1991,PF
150,Paraguay,1992,PF
150,Paraguay,1993,PF
150,Paraguay,1994,PF
150,Paraguay,1995,PF
150,Paraguay,1996,PF
150,Paraguay,1997,PF
150,Paraguay,1998,PF
150,Paraguay,1999,PF
150,Paraguay,2000,PF
150,Paraguay,2001,PF
150,Paraguay,2002,PF
150,Paraguay,2003,PF
150,Paraguay,2004,PF
150,Paraguay,2005,PF
150,Paraguay,2006,PF
150,Paraguay,2007,PF
150,Paraguay,2008,PF
150,Paraguay,2009,PF
135,Peru,1987,NF
135,Peru,1988,PF
135,Peru,1989,PF
135,Peru,1990,PF
135,Peru,1991,PF
135,Peru,1992,PF
135,Peru,1993,PF
135,Peru,1994,PF
135,Peru,1995,PF
135,Peru,1996,PF
135,Peru,1997,PF
135,Peru,1998,PF
135,Peru,1999,PF
135,Peru,2000,NF
135,Peru,2001,F
135,Peru,2002,F
135,Peru,2003,F
135,Peru,2004,F
135,Peru,2005,F
135,Peru,2006,F
135,Peru,2007,F
135,Peru,2008,F
135,Peru,2009,F
840,Philippines,1987,F
840,Philippines,1988,NF
840,Philippines,1989,NF
840,Philippines,1990,PF
840,Philippines,1991,PF
840,Philippines,1992,PF
840,Philippines,1993,PF
840,Philippines,1994,NF
840,Philippines,1995,NF
840,Philippines,1996,F
840,Philippines,1997,F
840,Philippines,1998,F
840,Philippines,1999,F
840,Philippines,2000,F
840,Philippines,2001,F
840,Philippines,2002,NF
840,Philippines,2003,NF
840,Philippines,2004,PF
840,Philippines,2005,PF
840,Philippines,2006,PF
840,Philippines,2007,PF
840,Philippines,2008,PF
840,Philippines,2009,PF
290,Poland,1987,PF
290,Poland,1988,PF
290,Poland,1989,F
290,Poland,1990,F
290,Poland,1991,F
290,Poland,1992,F
290,Poland,1993,F
290,Poland,1994,F
290,Poland,1995,F
290,Poland,1996,F
290,Poland,1997,F
290,Poland,1998,F
290,Poland,1999,F
290,Poland,2000,F
290,Poland,2001,F
290,Poland,2002,F
290,Poland,2003,F
290,Poland,2004,F
290,Poland,2005,F
290,Poland,2006,F
290,Poland,2007,F
290,Poland,2008,F
290,Poland,2009,F
235,Portugal,1987,F
235,Portugal,1988,F
235,Portugal,1989,F
235,Portugal,1990,F
235,Portugal,1991,F
235,Portugal,1992,F
235,Portugal,1993,F
235,Portugal,1994,F
235,Portugal,1995,F
235,Portugal,1996,F
235,Portugal,1997,F
235,Portugal,1998,F
235,Portugal,1999,F
235,Portugal,2000,F
235,Portugal,2001,F
235,Portugal,2002,F
235,Portugal,2003,F
235,Portugal,2004,F
235,Portugal,2005,F
235,Portugal,2006,F
235,Portugal,2007,F
235,Portugal,2008,F
235,Portugal,2009,F
694,Qatar,1987,PF
694,Qatar,1988,NF
694,Qatar,1989,NF
694,Qatar,1990,NF
694,Qatar,1991,NF
694,Qatar,1992,NF
694,Qatar,1993,NF
694,Qatar,1994,NF
694,Qatar,1995,NF
694,Qatar,1996,NF
694,Qatar,1997,NF
694,Qatar,1998,NF
694,Qatar,1999,NF
694,Qatar,2000,NF
694,Qatar,2001,NF
694,Qatar,2002,NF
694,Qatar,2003,NF
694,Qatar,2004,NF
694,Qatar,2005,NF
694,Qatar,2006,NF
694,Qatar,2007,NF
694,Qatar,2008,NF
694,Qatar,2009,NF
360,Romania,1987,NF
360,Romania,1988,NF
360,Romania,1989,PF
360,Romania,1990,PF
360,Romania,1991,PF
360,Romania,1992,PF
360,Romania,1993,PF
360,Romania,1994,NF
360,Romania,1995,F
360,Romania,1996,F
360,Romania,1997,F
360,Romania,1998,F
360,Romania,1999,F
360,Romania,2000,F
360,Romania,2001,F
360,Romania,2002,F
360,Romania,2003,F
360,Romania,2004,F
360,Romania,2005,F
360,Romania,2006,F
360,Romania,2007,F
360,Romania,2008,F
360,Romania,2009,F
365,Russia,1987,NA
365,Russia,1988,NA
365,Russia,1989,NA
365,Russia,1990,NA
365,Russia,1991,PF
365,Russia,1992,PF
365,Russia,1993,PF
365,Russia,1994,PF
365,Russia,1995,PF
365,Russia,1996,PF
365,Russia,1997,PF
365,Russia,1998,PF
365,Russia,1999,PF
365,Russia,2000,PF
365,Russia,2001,PF
365,Russia,2002,PF
365,Russia,2003,NF
365,Russia,2004,NF
365,Russia,2005,NF
365,Russia,2006,NF
365,Russia,2007,NF
365,Russia,2008,NF
365,Russia,2009,NF
517,Rwanda,1987,NF
517,Rwanda,1988,NF
517,Rwanda,1989,NF
517,Rwanda,1990,NF
517,Rwanda,1991,NF
517,Rwanda,1992,NF
517,Rwanda,1993,NF
517,Rwanda,1994,NF
517,Rwanda,1995,NF
517,Rwanda,1996,NF
517,Rwanda,1997,NF
517,Rwanda,1998,NF
517,Rwanda,1999,NF
517,Rwanda,2000,NF
517,Rwanda,2001,NF
517,Rwanda,2002,NF
517,Rwanda,2003,NF
517,Rwanda,2004,NF
517,Rwanda,2005,NF
517,Rwanda,2006,NF
517,Rwanda,2007,NF
517,Rwanda,2008,NF
517,Rwanda,2009,NF
990,Samoa,1987,NF
990,Samoa,1988,F
990,Samoa,1989,F
990,Samoa,1990,F
990,Samoa,1991,F
990,Samoa,1992,F
990,Samoa,1993,F
990,Samoa,1994,F
990,Samoa,1995,F
990,Samoa,1996,F
990,Samoa,1997,F
990,Samoa,1998,F
990,Samoa,1999,F
990,Samoa,2000,F
990,Samoa,2001,F
990,Samoa,2002,F
990,Samoa,2003,F
990,Samoa,2004,F
990,Samoa,2005,F
990,Samoa,2006,F
990,Samoa,2007,F
990,Samoa,2008,F
990,Samoa,2009,F
331,San Marino,1987,NA
331,San Marino,1988,NA
331,San Marino,1989,NA
331,San Marino,1990,NA
331,San Marino,1991,NA
331,San Marino,1992,F
331,San Marino,1993,F
331,San Marino,1994,F
331,San Marino,1995,F
331,San Marino,1996,F
331,San Marino,1997,F
331,San Marino,1998,F
331,San Marino,1999,F
331,San Marino,2000,F
331,San Marino,2001,F
331,San Marino,2002,F
331,San Marino,2003,F
331,San Marino,2004,F
331,San Marino,2005,F
331,San Marino,2006,F
331,San Marino,2007,F
331,San Marino,2008,F
331,San Marino,2009,F
403,Sao Tome and Principe,1987,NF
403,Sao Tome and Principe,1988,PF
403,Sao Tome and Principe,1989,PF
403,Sao Tome and Principe,1990,NF
403,Sao Tome and Principe,1991,F
403,Sao Tome and Principe,1992,F
403,Sao Tome and Principe,1993,F
403,Sao Tome and Principe,1994,F
403,Sao Tome and Principe,1995,F
403,Sao Tome and Principe,1996,F
403,Sao Tome and Principe,1997,F
403,Sao Tome and Principe,1998,F
403,Sao Tome and Principe,1999,F
403,Sao Tome and Principe,2000,F
403,Sao Tome and Principe,2001,F
403,Sao Tome and Principe,2002,F
403,Sao Tome and Principe,2003,F
403,Sao Tome and Principe,2004,F
403,Sao Tome and Principe,2005,F
403,Sao Tome and Principe,2006,F
403,Sao Tome and Principe,2007,F
403,Sao Tome and Principe,2008,F
403,Sao Tome and Principe,2009,F
670,Saudi Arabia,1987,NF
670,Saudi Arabia,1988,NF
670,Saudi Arabia,1989,NF
670,Saudi Arabia,1990,NF
670,Saudi Arabia,1991,NF
670,Saudi Arabia,1992,NF
670,Saudi Arabia,1993,NF
670,Saudi Arabia,1994,NF
670,Saudi Arabia,1995,NF
670,Saudi Arabia,1996,NF
670,Saudi Arabia,1997,NF
670,Saudi Arabia,1998,NF
670,Saudi Arabia,1999,NF
670,Saudi Arabia,2000,NF
670,Saudi Arabia,2001,NF
670,Saudi Arabia,2002,NF
670,Saudi Arabia,2003,NF
670,Saudi Arabia,2004,NF
670,Saudi Arabia,2005,NF
670,Saudi Arabia,2006,NF
670,Saudi Arabia,2007,NF
670,Saudi Arabia,2008,NF
670,Saudi Arabia,2009,NF
433,Senegal,1987,PF
433,Senegal,1988,PF
433,Senegal,1989,PF
433,Senegal,1990,PF
433,Senegal,1991,PF
433,Senegal,1992,PF
433,Senegal,1993,PF
433,Senegal,1994,PF
433,Senegal,1995,PF
433,Senegal,1996,PF
433,Senegal,1997,PF
433,Senegal,1998,PF
433,Senegal,1999,PF
433,Senegal,2000,PF
433,Senegal,2001,NF
433,Senegal,2002,F
433,Senegal,2003,F
433,Senegal,2004,F
433,Senegal,2005,NF
433,Senegal,2006,NF
433,Senegal,2007,NF
433,Senegal,2008,PF
433,Senegal,2009,PF
345,Serbia,1987,NA
345,Serbia,1988,NA
345,Serbia,1989,NA
345,Serbia,1990,NA
345,Serbia,1991,NA
345,Serbia,1992,NA
345,Serbia,1993,NA
345,Serbia,1994,NA
345,Serbia,1995,NA
345,Serbia,1996,NA
345,Serbia,1997,NA
345,Serbia,1998,NA
345,Serbia,1999,NA
345,Serbia,2000,NA
345,Serbia,2001,NA
345,Serbia,2002,NA
345,Serbia,2003,NA
345,Serbia,2004,NA
345,Serbia,2005,NA
345,Serbia,2006,F
345,Serbia,2007,F
345,Serbia,2008,F
345,Serbia,2009,F
591,Seychelles,1987,NF
591,Seychelles,1988,NF
591,Seychelles,1989,NF
591,Seychelles,1990,PF
591,Seychelles,1991,PF
591,Seychelles,1992,PF
591,Seychelles,1993,PF
591,Seychelles,1994,PF
591,Seychelles,1995,PF
591,Seychelles,1996,PF
591,Seychelles,1997,PF
591,Seychelles,1998,PF
591,Seychelles,1999,PF
591,Seychelles,2000,PF
591,Seychelles,2001,PF
591,Seychelles,2002,PF
591,Seychelles,2003,PF
591,Seychelles,2004,PF
591,Seychelles,2005,PF
591,Seychelles,2006,PF
591,Seychelles,2007,PF
591,Seychelles,2008,PF
591,Seychelles,2009,PF
451,Sierra Leone,1987,PF
451,Sierra Leone,1988,PF
451,Sierra Leone,1989,NF
451,Sierra Leone,1990,NF
451,Sierra Leone,1991,NF
451,Sierra Leone,1992,NF
451,Sierra Leone,1993,NF
451,Sierra Leone,1994,NF
451,Sierra Leone,1995,PF
451,Sierra Leone,1996,PF
451,Sierra Leone,1997,PF
451,Sierra Leone,1998,PF
451,Sierra Leone,1999,PF
451,Sierra Leone,2000,PF
451,Sierra Leone,2001,PF
451,Sierra Leone,2002,PF
451,Sierra Leone,2003,PF
451,Sierra Leone,2004,PF
451,Sierra Leone,2005,PF
451,Sierra Leone,2006,PF
451,Sierra Leone,2007,PF
451,Sierra Leone,2008,PF
451,Sierra Leone,2009,PF
830,Singapore,1987,PF
830,Singapore,1988,PF
830,Singapore,1989,PF
830,Singapore,1990,PF
830,Singapore,1991,PF
830,Singapore,1992,PF
830,Singapore,1993,PF
830,Singapore,1994,PF
830,Singapore,1995,PF
830,Singapore,1996,PF
830,Singapore,1997,PF
830,Singapore,1998,PF
830,Singapore,1999,PF
830,Singapore,2000,PF
830,Singapore,2001,PF
830,Singapore,2002,PF
830,Singapore,2003,PF
830,Singapore,2004,PF
830,Singapore,2005,PF
830,Singapore,2006,PF
830,Singapore,2007,PF
830,Singapore,2008,PF
830,Singapore,2009,PF
317,Slovakia,1987,NA
317,Slovakia,1988,NA
317,Slovakia,1989,NA
317,Slovakia,1990,NA
317,Slovakia,1991,NA
317,Slovakia,1992,NA
317,Slovakia,1993,NF
317,Slovakia,1994,NF
317,Slovakia,1995,NF
317,Slovakia,1996,F
317,Slovakia,1997,F
317,Slovakia,1998,F
317,Slovakia,1999,F
317,Slovakia,2000,F
317,Slovakia,2001,F
317,Slovakia,2002,F
317,Slovakia,2003,F
317,Slovakia,2004,F
317,Slovakia,2005,F
317,Slovakia,2006,F
317,Slovakia,2007,F
317,Slovakia,2008,F
317,Slovakia,2009,F
349,Slovenia,1987,NA
349,Slovenia,1988,NA
349,Slovenia,1989,NA
349,Slovenia,1990,NA
349,Slovenia,1991,F
349,Slovenia,1992,F
349,Slovenia,1993,F
349,Slovenia,1994,F
349,Slovenia,1995,F
349,Slovenia,1996,F
349,Slovenia,1997,F
349,Slovenia,1998,F
349,Slovenia,1999,F
349,Slovenia,2000,F
349,Slovenia,2001,F
349,Slovenia,2002,F
349,Slovenia,2003,F
349,Slovenia,2004,F
349,Slovenia,2005,F
349,Slovenia,2006,F
349,Slovenia,2007,F
349,Slovenia,2008,F
349,Slovenia,2009,F
940,Solomon Islands,1987,F
940,Solomon Islands,1988,F
940,Solomon Islands,1989,F
940,Solomon Islands,1990,F
940,Solomon Islands,1991,F
940,Solomon Islands,1992,F
940,Solomon Islands,1993,F
940,Solomon Islands,1994,F
940,Solomon Islands,1995,F
940,Solomon Islands,1996,F
940,Solomon Islands,1997,F
940,Solomon Islands,1998,NF
940,Solomon Islands,1999,PF
940,Solomon Islands,2000,PF
940,Solomon Islands,2001,PF
940,Solomon Islands,2002,PF
940,Solomon Islands,2003,PF
940,Solomon Islands,2004,PF
940,Solomon Islands,2005,PF
940,Solomon Islands,2006,PF
940,Solomon Islands,2007,PF
940,Solomon Islands,2008,PF
940,Solomon Islands,2009,PF
520,Somalia,1987,NF
520,Somalia,1988,NF
520,Somalia,1989,NF
520,Somalia,1990,NF
520,Somalia,1991,NF
520,Somalia,1992,NF
520,Somalia,1993,NF
520,Somalia,1994,NF
520,Somalia,1995,NF
520,Somalia,1996,NF
520,Somalia,1997,NF
520,Somalia,1998,NF
520,Somalia,1999,NF
520,Somalia,2000,NF
520,Somalia,2001,NF
520,Somalia,2002,NF
520,Somalia,2003,NF
520,Somalia,2004,NF
520,Somalia,2005,NF
520,Somalia,2006,NF
520,Somalia,2007,NF
520,Somalia,2008,NF
520,Somalia,2009,NF
560,South Africa,1987,PF
560,South Africa,1988,PF
560,South Africa,1989,PF
560,South Africa,1990,PF
560,South Africa,1991,PF
560,South Africa,1992,PF
560,South Africa,1993,F
560,South Africa,1994,F
560,South Africa,1995,F
560,South Africa,1996,F
560,South Africa,1997,F
560,South Africa,1998,F
560,South Africa,1999,F
560,South Africa,2000,F
560,South Africa,2001,F
560,South Africa,2002,F
560,South Africa,2003,F
560,South Africa,2004,F
560,South Africa,2005,F
560,South Africa,2006,F
560,South Africa,2007,F
560,South Africa,2008,F
560,South Africa,2009,F
732,South Korea,1987,NF
732,South Korea,1988,F
732,South Korea,1989,F
732,South Korea,1990,F
732,South Korea,1991,F
732,South Korea,1992,F
732,South Korea,1993,F
732,South Korea,1994,F
732,South Korea,1995,F
732,South Korea,1996,F
732,South Korea,1997,F
732,South Korea,1998,F
732,South Korea,1999,F
732,South Korea,2000,F
732,South Korea,2001,F
732,South Korea,2002,F
732,South Korea,2003,F
732,South Korea,2004,F
732,South Korea,2005,F
732,South Korea,2006,F
732,South Korea,2007,F
732,South Korea,2008,F
732,South Korea,2009,F
230,Spain,1987,F
230,Spain,1988,F
230,Spain,1989,F
230,Spain,1990,F
230,Spain,1991,F
230,Spain,1992,F
230,Spain,1993,F
230,Spain,1994,F
230,Spain,1995,F
230,Spain,1996,F
230,Spain,1997,F
230,Spain,1998,F
230,Spain,1999,F
230,Spain,2000,F
230,Spain,2001,F
230,Spain,2002,F
230,Spain,2003,F
230,Spain,2004,F
230,Spain,2005,F
230,Spain,2006,F
230,Spain,2007,F
230,Spain,2008,F
230,Spain,2009,F
780,Sri Lanka,1987,PF
780,Sri Lanka,1988,PF
780,Sri Lanka,1989,PF
780,Sri Lanka,1990,PF
780,Sri Lanka,1991,PF
780,Sri Lanka,1992,PF
780,Sri Lanka,1993,PF
780,Sri Lanka,1994,PF
780,Sri Lanka,1995,PF
780,Sri Lanka,1996,PF
780,Sri Lanka,1997,PF
780,Sri Lanka,1998,PF
780,Sri Lanka,1999,PF
780,Sri Lanka,2000,PF
780,Sri Lanka,2001,PF
780,Sri Lanka,2002,PF
780,Sri Lanka,2003,PF
780,Sri Lanka,2004,PF
780,Sri Lanka,2005,PF
780,Sri Lanka,2006,PF
780,Sri Lanka,2007,PF
780,Sri Lanka,2008,PF
780,Sri Lanka,2009,PF
60,St. Kitts and Nevis,1987,F
60,St. Kitts and Nevis,1988,F
60,St. Kitts and Nevis,1989,F
60,St. Kitts and Nevis,1990,F
60,St. Kitts and Nevis,1991,F
60,St. Kitts and Nevis,1992,F
60,St. Kitts and Nevis,1993,F
60,St. Kitts and Nevis,1994,F
60,St. Kitts and Nevis,1995,F
60,St. Kitts and Nevis,1996,F
60,St. Kitts and Nevis,1997,F
60,St. Kitts and Nevis,1998,F
60,St. Kitts and Nevis,1999,F
60,St. Kitts and Nevis,2000,F
60,St. Kitts and Nevis,2001,F
60,St. Kitts and Nevis,2002,F
60,St. Kitts and Nevis,2003,F
60,St. Kitts and Nevis,2004,F
60,St. Kitts and Nevis,2005,F
60,St. Kitts and Nevis,2006,F
60,St. Kitts and Nevis,2007,F
60,St. Kitts and Nevis,2008,F
60,St. Kitts and Nevis,2009,F
56,St. Lucia,1987,F
56,St. Lucia,1988,F
56,St. Lucia,1989,F
56,St. Lucia,1990,F
56,St. Lucia,1991,F
56,St. Lucia,1992,F
56,St. Lucia,1993,F
56,St. Lucia,1994,F
56,St. Lucia,1995,F
56,St. Lucia,1996,F
56,St. Lucia,1997,F
56,St. Lucia,1998,F
56,St. Lucia,1999,F
56,St. Lucia,2000,F
56,St. Lucia,2001,F
56,St. Lucia,2002,F
56,St. Lucia,2003,F
56,St. Lucia,2004,F
56,St. Lucia,2005,F
56,St. Lucia,2006,F
56,St. Lucia,2007,F
56,St. Lucia,2008,F
56,St. Lucia,2009,F
57,St. Vincent and the Grenadines,1987,F
57,St. Vincent and the Grenadines,1988,F
57,St. Vincent and the Grenadines,1989,F
57,St. Vincent and the Grenadines,1990,F
57,St. Vincent and the Grenadines,1991,F
57,St. Vincent and the Grenadines,1992,F
57,St. Vincent and the Grenadines,1993,F
57,St. Vincent and the Grenadines,1994,F
57,St. Vincent and the Grenadines,1995,F
57,St. Vincent and the Grenadines,1996,F
57,St. Vincent and the Grenadines,1997,F
57,St. Vincent and the Grenadines,1998,F
57,St. Vincent and the Grenadines,1999,F
57,St. Vincent and the Grenadines,2000,F
57,St. Vincent and the Grenadines,2001,F
57,St. Vincent and the Grenadines,2002,F
57,St. Vincent and the Grenadines,2003,F
57,St. Vincent and the Grenadines,2004,F
57,St. Vincent and the Grenadines,2005,F
57,St. Vincent and the Grenadines,2006,F
57,St. Vincent and the Grenadines,2007,F
57,St. Vincent and the Grenadines,2008,F
57,St. Vincent and the Grenadines,2009,F
625,Sudan,1987,NF
625,Sudan,1988,NF
625,Sudan,1989,NF
625,Sudan,1990,NF
625,Sudan,1991,NF
625,Sudan,1992,NF
625,Sudan,1993,NF
625,Sudan,1994,NF
625,Sudan,1995,NF
625,Sudan,1996,NF
625,Sudan,1997,NF
625,Sudan,1998,NF
625,Sudan,1999,NF
625,Sudan,2000,NF
625,Sudan,2001,NF
625,Sudan,2002,NF
625,Sudan,2003,NF
625,Sudan,2004,NF
625,Sudan,2005,NF
625,Sudan,2006,NF
625,Sudan,2007,NF
625,Sudan,2008,NF
625,Sudan,2009,NF
115,Suriname,1987,PF
115,Suriname,1988,PF
115,Suriname,1989,PF
115,Suriname,1990,PF
115,Suriname,1991,PF
115,Suriname,1992,PF
115,Suriname,1993,PF
115,Suriname,1994,PF
115,Suriname,1995,PF
115,Suriname,1996,PF
115,Suriname,1997,NF
115,Suriname,1998,F
115,Suriname,1999,F
115,Suriname,2000,F
115,Suriname,2001,F
115,Suriname,2002,F
115,Suriname,2003,F
115,Suriname,2004,F
115,Suriname,2005,F
115,Suriname,2006,F
115,Suriname,2007,F
115,Suriname,2008,F
115,Suriname,2009,F
380,Sweden,1987,F
380,Sweden,1988,F
380,Sweden,1989,F
380,Sweden,1990,F
380,Sweden,1991,F
380,Sweden,1992,F
380,Sweden,1993,F
380,Sweden,1994,F
380,Sweden,1995,F
380,Sweden,1996,F
380,Sweden,1997,F
380,Sweden,1998,F
380,Sweden,1999,F
380,Sweden,2000,F
380,Sweden,2001,F
380,Sweden,2002,F
380,Sweden,2003,F
380,Sweden,2004,F
380,Sweden,2005,F
380,Sweden,2006,F
380,Sweden,2007,F
380,Sweden,2008,F
380,Sweden,2009,F
225,Switzerland,1987,F
225,Switzerland,1988,F
225,Switzerland,1989,F
225,Switzerland,1990,F
225,Switzerland,1991,F
225,Switzerland,1992,F
225,Switzerland,1993,F
225,Switzerland,1994,F
225,Switzerland,1995,F
225,Switzerland,1996,F
225,Switzerland,1997,F
225,Switzerland,1998,F
225,Switzerland,1999,F
225,Switzerland,2000,F
225,Switzerland,2001,F
225,Switzerland,2002,F
225,Switzerland,2003,F
225,Switzerland,2004,F
225,Switzerland,2005,F
225,Switzerland,2006,F
225,Switzerland,2007,F
225,Switzerland,2008,F
225,Switzerland,2009,F
652,Syria,1987,NF
652,Syria,1988,NF
652,Syria,1989,NF
652,Syria,1990,NF
652,Syria,1991,NF
652,Syria,1992,NF
652,Syria,1993,NF
652,Syria,1994,NF
652,Syria,1995,NF
652,Syria,1996,NF
652,Syria,1997,NF
652,Syria,1998,NF
652,Syria,1999,NF
652,Syria,2000,NF
652,Syria,2001,NF
652,Syria,2002,NF
652,Syria,2003,NF
652,Syria,2004,NF
652,Syria,2005,NF
652,Syria,2006,NF
652,Syria,2007,NF
652,Syria,2008,NF
652,Syria,2009,NF
713,Taiwan,1987,PF
713,Taiwan,1988,PF
713,Taiwan,1989,PF
713,Taiwan,1990,PF
713,Taiwan,1991,PF
713,Taiwan,1992,PF
713,Taiwan,1993,PF
713,Taiwan,1994,F
713,Taiwan,1995,F
713,Taiwan,1996,F
713,Taiwan,1997,F
713,Taiwan,1998,F
713,Taiwan,1999,F
713,Taiwan,2000,F
713,Taiwan,2001,F
713,Taiwan,2002,F
713,Taiwan,2003,F
713,Taiwan,2004,F
713,Taiwan,2005,F
713,Taiwan,2006,F
713,Taiwan,2007,F
713,Taiwan,2008,F
713,Taiwan,2009,F
702,Tajikistan,1987,NA
702,Tajikistan,1988,NA
702,Tajikistan,1989,NA
702,Tajikistan,1990,NA
702,Tajikistan,1991,NF
702,Tajikistan,1992,NF
702,Tajikistan,1993,NF
702,Tajikistan,1994,NF
702,Tajikistan,1995,NF
702,Tajikistan,1996,NF
702,Tajikistan,1997,NF
702,Tajikistan,1998,NF
702,Tajikistan,1999,NF
702,Tajikistan,2000,NF
702,Tajikistan,2001,NF
702,Tajikistan,2002,PF
702,Tajikistan,2003,NF
702,Tajikistan,2004,NF
702,Tajikistan,2005,NF
702,Tajikistan,2006,NF
702,Tajikistan,2007,NF
702,Tajikistan,2008,NF
702,Tajikistan,2009,NF
510,Tanzania,1987,NF
510,Tanzania,1988,NF
510,Tanzania,1989,NF
510,Tanzania,1990,PF
510,Tanzania,1991,NF
510,Tanzania,1992,PF
510,Tanzania,1993,PF
510,Tanzania,1994,PF
510,Tanzania,1995,PF
510,Tanzania,1996,PF
510,Tanzania,1997,PF
510,Tanzania,1998,PF
510,Tanzania,1999,PF
510,Tanzania,2000,PF
510,Tanzania,2001,PF
510,Tanzania,2002,PF
510,Tanzania,2003,PF
510,Tanzania,2004,PF
510,Tanzania,2005,PF
510,Tanzania,2006,PF
510,Tanzania,2007,PF
510,Tanzania,2008,PF
510,Tanzania,2009,PF
800,Thailand,1987,NF
800,Thailand,1988,PF
800,Thailand,1989,PF
800,Thailand,1990,PF
800,Thailand,1991,PF
800,Thailand,1992,PF
800,Thailand,1993,PF
800,Thailand,1994,PF
800,Thailand,1995,PF
800,Thailand,1996,NF
800,Thailand,1997,NF
800,Thailand,1998,F
800,Thailand,1999,F
800,Thailand,2000,F
800,Thailand,2001,F
800,Thailand,2002,NF
800,Thailand,2003,PF
800,Thailand,2004,PF
800,Thailand,2005,PF
800,Thailand,2006,PF
800,Thailand,2007,PF
800,Thailand,2008,PF
800,Thailand,2009,PF
420,The Gambia,1987,F
420,The Gambia,1988,F
420,The Gambia,1989,F
420,The Gambia,1990,F
420,The Gambia,1991,PF
420,The Gambia,1992,PF
420,The Gambia,1993,PF
420,The Gambia,1994,NF
420,The Gambia,1995,NF
420,The Gambia,1996,NF
420,The Gambia,1997,NF
420,The Gambia,1998,PF
420,The Gambia,1999,PF
420,The Gambia,2000,PF
420,The Gambia,2001,PF
420,The Gambia,2002,PF
420,The Gambia,2003,PF
420,The Gambia,2004,PF
420,The Gambia,2005,PF
420,The Gambia,2006,PF
420,The Gambia,2007,PF
420,The Gambia,2008,PF
420,The Gambia,2009,NF
461,Togo,1987,NF
461,Togo,1988,NF
461,Togo,1989,NF
461,Togo,1990,NF
461,Togo,1991,NF
461,Togo,1992,NF
461,Togo,1993,NF
461,Togo,1994,PF
461,Togo,1995,PF
461,Togo,1996,PF
461,Togo,1997,PF
461,Togo,1998,PF
461,Togo,1999,PF
461,Togo,2000,PF
461,Togo,2001,PF
461,Togo,2002,PF
461,Togo,2003,NF
461,Togo,2004,NF
461,Togo,2005,NF
461,Togo,2006,PF
461,Togo,2007,PF
461,Togo,2008,PF
461,Togo,2009,PF
955,Tonga,1987,PF
955,Tonga,1988,PF
955,Tonga,1989,PF
955,Tonga,1990,PF
955,Tonga,1991,PF
955,Tonga,1992,PF
955,Tonga,1993,PF
955,Tonga,1994,PF
955,Tonga,1995,PF
955,Tonga,1996,PF
955,Tonga,1997,PF
955,Tonga,1998,PF
955,Tonga,1999,PF
955,Tonga,2000,PF
955,Tonga,2001,PF
955,Tonga,2002,PF
955,Tonga,2003,PF
955,Tonga,2004,PF
955,Tonga,2005,PF
955,Tonga,2006,PF
955,Tonga,2007,PF
955,Tonga,2008,PF
955,Tonga,2009,PF
52,Trinidad and Tobago,1987,F
52,Trinidad and Tobago,1988,F
52,Trinidad and Tobago,1989,F
52,Trinidad and Tobago,1990,F
52,Trinidad and Tobago,1991,F
52,Trinidad and Tobago,1992,F
52,Trinidad and Tobago,1993,F
52,Trinidad and Tobago,1994,F
52,Trinidad and Tobago,1995,F
52,Trinidad and Tobago,1996,F
52,Trinidad and Tobago,1997,F
52,Trinidad and Tobago,1998,F
52,Trinidad and Tobago,1999,F
52,Trinidad and Tobago,2000,NF
52,Trinidad and Tobago,2001,PF
52,Trinidad and Tobago,2002,NF
52,Trinidad and Tobago,2003,NF
52,Trinidad and Tobago,2004,F
52,Trinidad and Tobago,2005,F
52,Trinidad and Tobago,2006,F
52,Trinidad and Tobago,2007,F
52,Trinidad and Tobago,2008,F
52,Trinidad and Tobago,2009,F
616,Tunisia,1987,PF
616,Tunisia,1988,PF
616,Tunisia,1989,PF
616,Tunisia,1990,PF
616,Tunisia,1991,PF
616,Tunisia,1992,PF
616,Tunisia,1993,PF
616,Tunisia,1994,PF
616,Tunisia,1995,PF
616,Tunisia,1996,PF
616,Tunisia,1997,PF
616,Tunisia,1998,PF
616,Tunisia,1999,PF
616,Tunisia,2000,PF
616,Tunisia,2001,PF
616,Tunisia,2002,PF
616,Tunisia,2003,NF
616,Tunisia,2004,NF
616,Tunisia,2005,NF
616,Tunisia,2006,NF
616,Tunisia,2007,NF
616,Tunisia,2008,NF
616,Tunisia,2009,NF
640,Turkey,1987,PF
640,Turkey,1988,PF
640,Turkey,1989,PF
640,Turkey,1990,PF
640,Turkey,1991,PF
640,Turkey,1992,PF
640,Turkey,1993,PF
640,Turkey,1994,PF
640,Turkey,1995,PF
640,Turkey,1996,PF
640,Turkey,1997,PF
640,Turkey,1998,PF
640,Turkey,1999,PF
640,Turkey,2000,PF
640,Turkey,2001,PF
640,Turkey,2002,PF
640,Turkey,2003,PF
640,Turkey,2004,PF
640,Turkey,2005,PF
640,Turkey,2006,PF
640,Turkey,2007,PF
640,Turkey,2008,PF
640,Turkey,2009,PF
701,Turkmenistan,1987,NA
701,Turkmenistan,1988,NA
701,Turkmenistan,1989,NA
701,Turkmenistan,1990,NA
701,Turkmenistan,1991,NF
701,Turkmenistan,1992,NF
701,Turkmenistan,1993,NF
701,Turkmenistan,1994,NF
701,Turkmenistan,1995,NF
701,Turkmenistan,1996,NF
701,Turkmenistan,1997,NF
701,Turkmenistan,1998,NF
701,Turkmenistan,1999,NF
701,Turkmenistan,2000,NF
701,Turkmenistan,2001,NF
701,Turkmenistan,2002,NF
701,Turkmenistan,2003,NF
701,Turkmenistan,2004,NF
701,Turkmenistan,2005,NF
701,Turkmenistan,2006,NF
701,Turkmenistan,2007,NF
701,Turkmenistan,2008,NF
701,Turkmenistan,2009,NF
500,Uganda,1987,PF
500,Uganda,1988,PF
500,Uganda,1989,PF
500,Uganda,1990,NF
500,Uganda,1991,PF
500,Uganda,1992,PF
500,Uganda,1993,PF
500,Uganda,1994,PF
500,Uganda,1995,PF
500,Uganda,1996,PF
500,Uganda,1997,PF
500,Uganda,1998,PF
500,Uganda,1999,PF
500,Uganda,2000,PF
500,Uganda,2001,PF
500,Uganda,2002,PF
500,Uganda,2003,PF
500,Uganda,2004,PF
500,Uganda,2005,PF
500,Uganda,2006,PF
500,Uganda,2007,PF
500,Uganda,2008,PF
500,Uganda,2009,PF
369,Ukraine,1987,NA
369,Ukraine,1988,NA
369,Ukraine,1989,NA
369,Ukraine,1990,NA
369,Ukraine,1991,PF
369,Ukraine,1992,PF
369,Ukraine,1993,PF
369,Ukraine,1994,PF
369,Ukraine,1995,PF
369,Ukraine,1996,PF
369,Ukraine,1997,PF
369,Ukraine,1998,PF
369,Ukraine,1999,PF
369,Ukraine,2000,PF
369,Ukraine,2001,PF
369,Ukraine,2002,PF
369,Ukraine,2003,PF
369,Ukraine,2004,NF
369,Ukraine,2005,F
369,Ukraine,2006,F
369,Ukraine,2007,NF
369,Ukraine,2008,NF
369,Ukraine,2009,PF
696,United Arab Emirates,1987,PF
696,United Arab Emirates,1988,PF
696,United Arab Emirates,1989,PF
696,United Arab Emirates,1990,NF
696,United Arab Emirates,1991,NF
696,United Arab Emirates,1992,NF
696,United Arab Emirates,1993,NF
696,United Arab Emirates,1994,PF
696,United Arab Emirates,1995,PF
696,United Arab Emirates,1996,PF
696,United Arab Emirates,1997,PF
696,United Arab Emirates,1998,NF
696,United Arab Emirates,1999,PF
696,United Arab Emirates,2000,NF
696,United Arab Emirates,2001,NF
696,United Arab Emirates,2002,NF
696,United Arab Emirates,2003,NF
696,United Arab Emirates,2004,NF
696,United Arab Emirates,2005,NF
696,United Arab Emirates,2006,NF
696,United Arab Emirates,2007,NF
696,United Arab Emirates,2008,NF
696,United Arab Emirates,2009,NF
200,United Kingdom,1987,F
200,United Kingdom,1988,F
200,United Kingdom,1989,F
200,United Kingdom,1990,F
200,United Kingdom,1991,F
200,United Kingdom,1992,F
200,United Kingdom,1993,F
200,United Kingdom,1994,F
200,United Kingdom,1995,F
200,United Kingdom,1996,F
200,United Kingdom,1997,F
200,United Kingdom,1998,F
200,United Kingdom,1999,F
200,United Kingdom,2000,F
200,United Kingdom,2001,F
200,United Kingdom,2002,F
200,United Kingdom,2003,F
200,United Kingdom,2004,F
200,United Kingdom,2005,F
200,United Kingdom,2006,F
200,United Kingdom,2007,F
200,United Kingdom,2008,F
200,United Kingdom,2009,F
2,United States,1987,F
2,United States,1988,F
2,United States,1989,F
2,United States,1990,F
2,United States,1991,F
2,United States,1992,F
2,United States,1993,F
2,United States,1994,F
2,United States,1995,F
2,United States,1996,F
2,United States,1997,F
2,United States,1998,F
2,United States,1999,F
2,United States,2000,F
2,United States,2001,F
2,United States,2002,F
2,United States,2003,F
2,United States,2004,F
2,United States,2005,F
2,United States,2006,F
2,United States,2007,F
2,United States,2008,F
2,United States,2009,F
165,Uruguay,1987,F
165,Uruguay,1988,F
165,Uruguay,1989,F
165,Uruguay,1990,F
165,Uruguay,1991,F
165,Uruguay,1992,F
165,Uruguay,1993,F
165,Uruguay,1994,F
165,Uruguay,1995,F
165,Uruguay,1996,F
165,Uruguay,1997,F
165,Uruguay,1998,F
165,Uruguay,1999,F
165,Uruguay,2000,F
165,Uruguay,2001,F
165,Uruguay,2002,F
165,Uruguay,2003,F
165,Uruguay,2004,F
165,Uruguay,2005,F
165,Uruguay,2006,F
165,Uruguay,2007,F
165,Uruguay,2008,F
165,Uruguay,2009,F
704,Uzbekistan,1987,NA
704,Uzbekistan,1988,NA
704,Uzbekistan,1989,NA
704,Uzbekistan,1990,NA
704,Uzbekistan,1991,NF
704,Uzbekistan,1992,NF
704,Uzbekistan,1993,NF
704,Uzbekistan,1994,NF
704,Uzbekistan,1995,NF
704,Uzbekistan,1996,NF
704,Uzbekistan,1997,NF
704,Uzbekistan,1998,NF
704,Uzbekistan,1999,NF
704,Uzbekistan,2000,NF
704,Uzbekistan,2001,NF
704,Uzbekistan,2002,NF
704,Uzbekistan,2003,NF
704,Uzbekistan,2004,NF
704,Uzbekistan,2005,NF
704,Uzbekistan,2006,NF
704,Uzbekistan,2007,NF
704,Uzbekistan,2008,NF
704,Uzbekistan,2009,NF
935,Vanuatu,1987,NF
935,Vanuatu,1988,NF
935,Vanuatu,1989,F
935,Vanuatu,1990,F
935,Vanuatu,1991,F
935,Vanuatu,1992,F
935,Vanuatu,1993,F
935,Vanuatu,1994,F
935,Vanuatu,1995,F
935,Vanuatu,1996,F
935,Vanuatu,1997,F
935,Vanuatu,1998,F
935,Vanuatu,1999,F
935,Vanuatu,2000,F
935,Vanuatu,2001,F
935,Vanuatu,2002,F
935,Vanuatu,2003,F
935,Vanuatu,2004,F
935,Vanuatu,2005,F
935,Vanuatu,2006,F
935,Vanuatu,2007,F
935,Vanuatu,2008,F
935,Vanuatu,2009,F
101,Venezuela,1987,F
101,Venezuela,1988,F
101,Venezuela,1989,F
101,Venezuela,1990,F
101,Venezuela,1991,NF
101,Venezuela,1992,PF
101,Venezuela,1993,NF
101,Venezuela,1994,NF
101,Venezuela,1995,NF
101,Venezuela,1996,NF
101,Venezuela,1997,PF
101,Venezuela,1998,PF
101,Venezuela,1999,PF
101,Venezuela,2000,PF
101,Venezuela,2001,PF
101,Venezuela,2002,PF
101,Venezuela,2003,PF
101,Venezuela,2004,PF
101,Venezuela,2005,PF
101,Venezuela,2006,PF
101,Venezuela,2007,PF
101,Venezuela,2008,PF
101,Venezuela,2009,PF
816,Vietnam,1987,NF
816,Vietnam,1988,NF
816,Vietnam,1989,NF
816,Vietnam,1990,NF
816,Vietnam,1991,NF
816,Vietnam,1992,NF
816,Vietnam,1993,NF
816,Vietnam,1994,NF
816,Vietnam,1995,NF
816,Vietnam,1996,NF
816,Vietnam,1997,NF
816,Vietnam,1998,NF
816,Vietnam,1999,NF
816,Vietnam,2000,NF
816,Vietnam,2001,NF
816,Vietnam,2002,NF
816,Vietnam,2003,NF
816,Vietnam,2004,NF
816,Vietnam,2005,NF
816,Vietnam,2006,NF
816,Vietnam,2007,NF
816,Vietnam,2008,NF
816,Vietnam,2009,NF
679,Yemen,1987,NA
679,Yemen,1988,NA
679,Yemen,1989,NA
679,Yemen,1990,PF
679,Yemen,1991,PF
679,Yemen,1992,PF
679,Yemen,1993,PF
679,Yemen,1994,PF
679,Yemen,1995,PF
679,Yemen,1996,PF
679,Yemen,1997,PF
679,Yemen,1998,NF
679,Yemen,1999,NF
679,Yemen,2000,PF
679,Yemen,2001,PF
679,Yemen,2002,PF
679,Yemen,2003,PF
679,Yemen,2004,PF
679,Yemen,2005,PF
679,Yemen,2006,NF
679,Yemen,2007,NF
679,Yemen,2008,NF
679,Yemen,2009,NF
551,Zambia,1987,PF
551,Zambia,1988,PF
551,Zambia,1989,PF
551,Zambia,1990,PF
551,Zambia,1991,PF
551,Zambia,1992,PF
551,Zambia,1993,PF
551,Zambia,1994,PF
551,Zambia,1995,PF
551,Zambia,1996,PF
551,Zambia,1997,PF
551,Zambia,1998,PF
551,Zambia,1999,PF
551,Zambia,2000,PF
551,Zambia,2001,PF
551,Zambia,2002,PF
551,Zambia,2003,PF
551,Zambia,2004,PF
551,Zambia,2005,PF
551,Zambia,2006,PF
551,Zambia,2007,PF
551,Zambia,2008,PF
551,Zambia,2009,PF
552,Zimbabwe,1987,PF
552,Zimbabwe,1988,PF
552,Zimbabwe,1989,PF
552,Zimbabwe,1990,PF
552,Zimbabwe,1991,PF
552,Zimbabwe,1992,PF
552,Zimbabwe,1993,PF
552,Zimbabwe,1994,PF
552,Zimbabwe,1995,PF
552,Zimbabwe,1996,PF
552,Zimbabwe,1997,PF
552,Zimbabwe,1998,NF
552,Zimbabwe,1999,NF
552,Zimbabwe,2000,NF
552,Zimbabwe,2001,NF
552,Zimbabwe,2002,NF
552,Zimbabwe,2003,NF
552,Zimbabwe,2004,NF
552,Zimbabwe,2005,NF
552,Zimbabwe,2006,NF
552,Zimbabwe,2007,NF
552,Zimbabwe,2008,NF
552,Zimbabwe,2009,NF
